date,county,state,fips,cases,deaths
20/2/21,Autauga,Alabama,1001,6092,85
20/2/21,Baldwin,Alabama,1003,19392,262
20/2/21,Barbour,Alabama,1005,2067,50
20/2/21,Bibb,Alabama,1007,2414,58
20/2/21,Blount,Alabama,1009,6040,125
20/2/21,Bullock,Alabama,1011,1149,33
20/2/21,Butler,Alabama,1013,1938,64
20/2/21,Calhoun,Alabama,1015,12915,278
20/2/21,Chambers,Alabama,1017,3364,99
20/2/21,Cherokee,Alabama,1019,1753,37
20/2/21,Chilton,Alabama,1021,3777,93
20/2/21,Choctaw,Alabama,1023,546,23
20/2/21,Clarke,Alabama,1025,3418,48
20/2/21,Clay,Alabama,1027,1416,54
20/2/21,Cleburne,Alabama,1029,1351,38
20/2/21,Coffee,Alabama,1031,5198,96
20/2/21,Colbert,Alabama,1033,5965,117
20/2/21,Conecuh,Alabama,1035,1064,23
20/2/21,Coosa,Alabama,1037,858,23
20/2/21,Covington,Alabama,1039,3896,102
20/2/21,Crenshaw,Alabama,1041,1421,52
20/2/21,Cullman,Alabama,1043,8822,175
20/2/21,Dale,Alabama,1045,4587,106
20/2/21,Dallas,Alabama,1047,3328,138
20/2/21,DeKalb,Alabama,1049,8399,173
20/2/21,Elmore,Alabama,1051,9228,178
20/2/21,Escambia,Alabama,1053,3740,68
20/2/21,Etowah,Alabama,1055,13042,307
20/2/21,Fayette,Alabama,1057,1982,54
20/2/21,Franklin,Alabama,1059,3954,75
20/2/21,Geneva,Alabama,1061,2370,67
20/2/21,Greene,Alabama,1063,863,32
20/2/21,Hale,Alabama,1065,2057,64
20/2/21,Henry,Alabama,1067,1801,41
20/2/21,Houston,Alabama,1069,9991,255
20/2/21,Jackson,Alabama,1071,6428,99
20/2/21,Jefferson,Alabama,1073,70078,1334
20/2/21,Lamar,Alabama,1075,1292,32
20/2/21,Lauderdale,Alabama,1077,8515,208
20/2/21,Lawrence,Alabama,1079,2794,85
20/2/21,Lee,Alabama,1081,14779,146
20/2/21,Limestone,Alabama,1083,9253,130
20/2/21,Lowndes,Alabama,1085,1298,46
20/2/21,Macon,Alabama,1087,1392,43
20/2/21,Madison,Alabama,1089,31869,432
20/2/21,Marengo,Alabama,1091,2303,54
20/2/21,Marion,Alabama,1093,2729,92
20/2/21,Marshall,Alabama,1095,11165,199
20/2/21,Mobile,Alabama,1097,35289,705
20/2/21,Monroe,Alabama,1099,1652,38
20/2/21,Montgomery,Alabama,1101,22234,481
20/2/21,Morgan,Alabama,1103,13468,241
20/2/21,Perry,Alabama,1105,1045,27
20/2/21,Pickens,Alabama,1107,2211,53
20/2/21,Pike,Alabama,1109,2907,70
20/2/21,Randolph,Alabama,1111,1602,40
20/2/21,Russell,Alabama,1113,3984,30
20/2/21,Shelby,Alabama,1117,21565,204
20/2/21,St. Clair,Alabama,1115,8705,213
20/2/21,Sumter,Alabama,1119,977,31
20/2/21,Talladega,Alabama,1121,7391,161
20/2/21,Tallapoosa,Alabama,1123,3504,139
20/2/21,Tuscaloosa,Alabama,1125,23737,404
20/2/21,Walker,Alabama,1127,6443,240
20/2/21,Washington,Alabama,1129,1542,32
20/2/21,Wilcox,Alabama,1131,1200,25
20/2/21,Winston,Alabama,1133,2437,63
20/2/21,Aleutians East Borough,Alaska,2013,355,1
20/2/21,Aleutians West Census Area,Alaska,2016,489,0
20/2/21,Anchorage,Alaska,2020,26184,151
20/2/21,Bethel Census Area,Alaska,2050,3527,18
20/2/21,Bristol Bay plus Lake and Peninsula,Alaska,2997,176,0
20/2/21,Denali Borough,Alaska,2068,68,0
20/2/21,Dillingham Census Area,Alaska,2070,196,1
20/2/21,Fairbanks North Star Borough,Alaska,2090,6058,26
20/2/21,Haines Borough,Alaska,2100,24,0
20/2/21,Juneau City and Borough,Alaska,2110,1192,3
20/2/21,Kenai Peninsula Borough,Alaska,2122,3942,19
20/2/21,Ketchikan Gateway Borough,Alaska,2130,330,2
20/2/21,Kodiak Island Borough,Alaska,2150,1051,5
20/2/21,Kusilvak Census Area,Alaska,2158,1186,3
20/2/21,Matanuska-Susitna Borough,Alaska,2170,8284,33
20/2/21,Nome Census Area,Alaska,2180,322,0
20/2/21,North Slope Borough,Alaska,2185,998,4
20/2/21,Northwest Arctic Borough,Alaska,2188,584,1
20/2/21,Petersburg Borough,Alaska,2195,48,0
20/2/21,Prince of Wales-Hyder Census Area,Alaska,2198,70,1
20/2/21,Sitka City and Borough,Alaska,2220,303,0
20/2/21,Skagway Municipality,Alaska,2230,18,0
20/2/21,Southeast Fairbanks Census Area,Alaska,2240,443,3
20/2/21,Unknown,Alaska,,253,0
20/2/21,Valdez-Cordova Census Area,Alaska,2261,461,2
20/2/21,Wrangell City and Borough,Alaska,2275,26,0
20/2/21,Yakutat plus Hoonah-Angoon,Alaska,2998,64,1
20/2/21,Yukon-Koyukuk Census Area,Alaska,2290,327,4
20/2/21,Apache,Arizona,4001,10244,365
20/2/21,Cochise,Arizona,4003,10980,260
20/2/21,Coconino,Arizona,4005,16209,306
20/2/21,Gila,Arizona,4007,6342,209
20/2/21,Graham,Arizona,4009,5251,71
20/2/21,Greenlee,Arizona,4011,551,8
20/2/21,La Paz,Arizona,4012,2379,69
20/2/21,Maricopa,Arizona,4013,504383,8816
20/2/21,Mohave,Arizona,4015,20812,625
20/2/21,Navajo,Arizona,4017,15448,478
20/2/21,Pima,Arizona,4019,108094,2146
20/2/21,Pinal,Arizona,4021,45434,742
20/2/21,Santa Cruz,Arizona,4023,7609,167
20/2/21,Yavapai,Arizona,4025,17175,448
20/2/21,Yuma,Arizona,4027,36252,770
20/2/21,Arkansas,Arkansas,5001,1941,38
20/2/21,Ashley,Arkansas,5003,1742,33
20/2/21,Baxter,Arkansas,5005,2777,96
20/2/21,Benton,Arkansas,5007,26679,383
20/2/21,Boone,Arkansas,5009,3580,78
20/2/21,Bradley,Arkansas,5011,1316,31
20/2/21,Calhoun,Arkansas,5013,387,3
20/2/21,Carroll,Arkansas,5015,2709,41
20/2/21,Chicot,Arkansas,5017,1583,40
20/2/21,Clark,Arkansas,5019,1990,36
20/2/21,Clay,Arkansas,5021,1661,46
20/2/21,Cleburne,Arkansas,5023,1863,67
20/2/21,Cleveland,Arkansas,5025,910,23
20/2/21,Columbia,Arkansas,5027,2099,53
20/2/21,Conway,Arkansas,5029,2129,31
20/2/21,Craighead,Arkansas,5031,12674,177
20/2/21,Crawford,Arkansas,5033,6687,104
20/2/21,Crittenden,Arkansas,5035,5624,94
20/2/21,Cross,Arkansas,5037,1889,47
20/2/21,Dallas,Arkansas,5039,713,12
20/2/21,Desha,Arkansas,5041,1304,21
20/2/21,Drew,Arkansas,5043,1942,35
20/2/21,Faulkner,Arkansas,5045,11550,150
20/2/21,Franklin,Arkansas,5047,1601,33
20/2/21,Fulton,Arkansas,5049,1057,44
20/2/21,Garland,Arkansas,5051,9467,231
20/2/21,Grant,Arkansas,5053,1535,32
20/2/21,Greene,Arkansas,5055,5765,74
20/2/21,Hempstead,Arkansas,5057,1794,18
20/2/21,Hot Spring,Arkansas,5059,4711,68
20/2/21,Howard,Arkansas,5061,1505,24
20/2/21,Independence,Arkansas,5063,3644,120
20/2/21,Izard,Arkansas,5065,1640,39
20/2/21,Jackson,Arkansas,5067,3128,33
20/2/21,Jefferson,Arkansas,5069,8514,163
20/2/21,Johnson,Arkansas,5071,2681,31
20/2/21,Lafayette,Arkansas,5073,493,7
20/2/21,Lawrence,Arkansas,5075,1994,41
20/2/21,Lee,Arkansas,5077,1632,35
20/2/21,Lincoln,Arkansas,5079,3127,42
20/2/21,Little River,Arkansas,5081,1117,40
20/2/21,Logan,Arkansas,5083,2154,18
20/2/21,Lonoke,Arkansas,5085,6652,108
20/2/21,Madison,Arkansas,5087,1396,21
20/2/21,Marion,Arkansas,5089,924,30
20/2/21,Miller,Arkansas,5091,3734,33
20/2/21,Mississippi,Arkansas,5093,5512,112
20/2/21,Monroe,Arkansas,5095,822,17
20/2/21,Montgomery,Arkansas,5097,719,28
20/2/21,Nevada,Arkansas,5099,763,24
20/2/21,Newton,Arkansas,5101,679,26
20/2/21,Ouachita,Arkansas,5103,2133,50
20/2/21,Perry,Arkansas,5105,788,8
20/2/21,Phillips,Arkansas,5107,1672,33
20/2/21,Pike,Arkansas,5109,947,22
20/2/21,Poinsett,Arkansas,5111,3052,75
20/2/21,Polk,Arkansas,5113,1854,62
20/2/21,Pope,Arkansas,5115,7605,101
20/2/21,Prairie,Arkansas,5117,857,24
20/2/21,Pulaski,Arkansas,5119,36641,571
20/2/21,Randolph,Arkansas,5121,1921,49
20/2/21,Saline,Arkansas,5125,11247,162
20/2/21,Scott,Arkansas,5127,924,14
20/2/21,Searcy,Arkansas,5129,641,15
20/2/21,Sebastian,Arkansas,5131,14393,258
20/2/21,Sevier,Arkansas,5133,2558,28
20/2/21,Sharp,Arkansas,5135,1511,50
20/2/21,St. Francis,Arkansas,5123,3412,37
20/2/21,Stone,Arkansas,5137,950,30
20/2/21,Union,Arkansas,5139,3612,100
20/2/21,Unknown,Arkansas,,2819,0
20/2/21,Van Buren,Arkansas,5141,1152,17
20/2/21,Washington,Arkansas,5143,29053,329
20/2/21,White,Arkansas,5145,7055,105
20/2/21,Woodruff,Arkansas,5147,611,10
20/2/21,Yell,Arkansas,5149,3313,67
20/2/21,Alameda,California,6001,79492,1175
20/2/21,Alpine,California,6003,77,0
20/2/21,Amador,California,6005,3426,39
20/2/21,Butte,California,6007,10823,156
20/2/21,Calaveras,California,6009,1856,25
20/2/21,Colusa,California,6011,2117,13
20/2/21,Contra Costa,California,6013,61469,654
20/2/21,Del Norte,California,6015,959,5
20/2/21,El Dorado,California,6017,8882,93
20/2/21,Fresno,California,6019,93973,1367
20/2/21,Glenn,California,6021,2664,23
20/2/21,Humboldt,California,6023,3067,32
20/2/21,Imperial,California,6025,26840,583
20/2/21,Inyo,California,6027,1212,34
20/2/21,Kern,California,6029,101613,761
20/2/21,Kings,California,6031,21853,214
20/2/21,Lake,California,6033,3078,40
20/2/21,Lassen,California,6035,5558,19
20/2/21,Los Angeles,California,6037,1179633,19793
20/2/21,Madera,California,6039,15222,201
20/2/21,Marin,California,6041,12919,194
20/2/21,Mariposa,California,6043,389,7
20/2/21,Mendocino,California,6045,3781,43
20/2/21,Merced,California,6047,28489,388
20/2/21,Modoc,California,6049,446,4
20/2/21,Mono,California,6051,1186,4
20/2/21,Monterey,California,6053,41884,315
20/2/21,Napa,California,6055,8900,67
20/2/21,Nevada,California,6057,3863,74
20/2/21,Orange,California,6059,258991,3770
20/2/21,Placer,California,6061,19520,229
20/2/21,Plumas,California,6063,624,6
20/2/21,Riverside,California,6065,287534,3633
20/2/21,Sacramento,California,6067,91814,1431
20/2/21,San Benito,California,6069,5699,57
20/2/21,San Bernardino,California,6071,284280,2557
20/2/21,San Diego,California,6073,256576,3188
20/2/21,San Francisco,California,6075,33749,394
20/2/21,San Joaquin,California,6077,65891,1026
20/2/21,San Luis Obispo,California,6079,19340,217
20/2/21,San Mateo,California,6081,38256,497
20/2/21,Santa Barbara,California,6083,31432,394
20/2/21,Santa Clara,California,6085,108800,1729
20/2/21,Santa Cruz,California,6087,14438,172
20/2/21,Shasta,California,6089,10868,172
20/2/21,Sierra,California,6091,47,0
20/2/21,Siskiyou,California,6093,1701,13
20/2/21,Solano,California,6095,29771,161
20/2/21,Sonoma,California,6097,27606,291
20/2/21,Stanislaus,California,6099,55081,926
20/2/21,Sutter,California,6101,8766,94
20/2/21,Tehama,California,6103,4535,51
20/2/21,Trinity,California,6105,283,5
20/2/21,Tulare,California,6107,47399,720
20/2/21,Tuolumne,California,6109,3870,56
20/2/21,Ventura,California,6111,76582,782
20/2/21,Yolo,California,6113,12606,181
20/2/21,Yuba,California,6115,5681,36
20/2/21,Adams,Colorado,8001,48525,626
20/2/21,Alamosa,Colorado,8003,1252,28
20/2/21,Arapahoe,Colorado,8005,48494,688
20/2/21,Archuleta,Colorado,8007,629,1
20/2/21,Baca,Colorado,8009,270,4
20/2/21,Bent,Colorado,8011,1469,21
20/2/21,Boulder,Colorado,8013,18560,245
20/2/21,Broomfield,Colorado,8014,3646,74
20/2/21,Chaffee,Colorado,8015,1411,23
20/2/21,Cheyenne,Colorado,8017,125,5
20/2/21,Clear Creek,Colorado,8019,356,2
20/2/21,Conejos,Colorado,8021,430,7
20/2/21,Costilla,Colorado,8023,178,2
20/2/21,Crowley,Colorado,8025,1957,14
20/2/21,Custer,Colorado,8027,164,1
20/2/21,Delta,Colorado,8029,2437,58
20/2/21,Denver,Colorado,8031,58432,765
20/2/21,Dolores,Colorado,8033,67,0
20/2/21,Douglas,Colorado,8035,21225,230
20/2/21,Eagle,Colorado,8037,4878,20
20/2/21,El Paso,Colorado,8041,50831,741
20/2/21,Elbert,Colorado,8039,1251,12
20/2/21,Fremont,Colorado,8043,5397,48
20/2/21,Garfield,Colorado,8045,5017,38
20/2/21,Gilpin,Colorado,8047,164,3
20/2/21,Grand,Colorado,8049,1234,5
20/2/21,Gunnison,Colorado,8051,1182,6
20/2/21,Hinsdale,Colorado,8053,17,0
20/2/21,Huerfano,Colorado,8055,300,17
20/2/21,Jackson,Colorado,8057,51,0
20/2/21,Jefferson,Colorado,8059,36435,705
20/2/21,Kiowa,Colorado,8061,91,3
20/2/21,Kit Carson,Colorado,8063,524,10
20/2/21,La Plata,Colorado,8067,2876,36
20/2/21,Lake,Colorado,8065,651,0
20/2/21,Larimer,Colorado,8069,19494,218
20/2/21,Las Animas,Colorado,8071,982,11
20/2/21,Lincoln,Colorado,8073,996,3
20/2/21,Logan,Colorado,8075,3704,63
20/2/21,Mesa,Colorado,8077,13062,190
20/2/21,Mineral,Colorado,8079,61,1
20/2/21,Moffat,Colorado,8081,656,22
20/2/21,Montezuma,Colorado,8083,1700,22
20/2/21,Montrose,Colorado,8085,3186,52
20/2/21,Morgan,Colorado,8087,2412,90
20/2/21,Otero,Colorado,8089,1836,61
20/2/21,Ouray,Colorado,8091,243,3
20/2/21,Park,Colorado,8093,537,5
20/2/21,Phillips,Colorado,8095,333,12
20/2/21,Pitkin,Colorado,8097,1939,4
20/2/21,Prowers,Colorado,8099,1157,21
20/2/21,Pueblo,Colorado,8101,14874,362
20/2/21,Rio Blanco,Colorado,8103,455,3
20/2/21,Rio Grande,Colorado,8105,680,12
20/2/21,Routt,Colorado,8107,1823,19
20/2/21,Saguache,Colorado,8109,312,4
20/2/21,San Juan,Colorado,8111,41,0
20/2/21,San Miguel,Colorado,8113,801,0
20/2/21,Sedgwick,Colorado,8115,191,2
20/2/21,Summit,Colorado,8117,2948,7
20/2/21,Teller,Colorado,8119,1242,14
20/2/21,Washington,Colorado,8121,377,12
20/2/21,Weld,Colorado,8123,24974,316
20/2/21,Yuma,Colorado,8125,698,17
20/2/21,Fairfield,Connecticut,9001,78181,2027
20/2/21,Hartford,Connecticut,9003,68527,2251
20/2/21,Litchfield,Connecticut,9005,10835,270
20/2/21,Middlesex,Connecticut,9007,10113,337
20/2/21,New Haven,Connecticut,9009,69233,1891
20/2/21,New London,Connecticut,9011,18635,403
20/2/21,Tolland,Connecticut,9013,7612,159
20/2/21,Unknown,Connecticut,,937,9
20/2/21,Windham,Connecticut,9015,9028,176
20/2/21,Kent,Delaware,10001,14042,287
20/2/21,New Castle,Delaware,10003,48047,659
20/2/21,Sussex,Delaware,10005,22253,420
20/2/21,Unknown,Delaware,,189,0
20/2/21,District of Columbia,District of Columbia,11001,39553,994
20/2/21,Alachua,Florida,12001,22102,208
20/2/21,Baker,Florida,12003,3261,54
20/2/21,Bay,Florida,12005,18223,333
20/2/21,Bradford,Florida,12007,2809,49
20/2/21,Brevard,Florida,12009,32855,722
20/2/21,Broward,Florida,12011,189125,2324
20/2/21,Calhoun,Florida,12013,1601,39
20/2/21,Charlotte,Florida,12015,10497,348
20/2/21,Citrus,Florida,12017,9551,382
20/2/21,Clay,Florida,12019,16500,297
20/2/21,Collier,Florida,12021,29652,440
20/2/21,Columbia,Florida,12023,7585,154
20/2/21,DeSoto,Florida,12027,3669,72
20/2/21,Dixie,Florida,12029,1457,19
20/2/21,Duval,Florida,12031,87486,1077
20/2/21,Escambia,Florida,12033,33158,608
20/2/21,Flagler,Florida,12035,5762,86
20/2/21,Franklin,Florida,12037,1273,13
20/2/21,Gadsden,Florida,12039,5370,81
20/2/21,Gilchrist,Florida,12041,1384,31
20/2/21,Glades,Florida,12043,893,15
20/2/21,Gulf,Florida,12045,1839,36
20/2/21,Hamilton,Florida,12047,1553,21
20/2/21,Hardee,Florida,12049,2756,28
20/2/21,Hendry,Florida,12051,4252,67
20/2/21,Hernando,Florida,12053,10957,389
20/2/21,Highlands,Florida,12055,7087,297
20/2/21,Hillsborough,Florida,12057,108648,1448
20/2/21,Holmes,Florida,12059,2160,43
20/2/21,Indian River,Florida,12061,10739,256
20/2/21,Jackson,Florida,12063,5860,146
20/2/21,Jefferson,Florida,12065,1390,22
20/2/21,Lafayette,Florida,12067,1578,24
20/2/21,Lake,Florida,12069,23903,541
20/2/21,Lee,Florida,12071,56491,865
20/2/21,Leon,Florida,12073,28602,272
20/2/21,Levy,Florida,12075,2804,32
20/2/21,Liberty,Florida,12077,1036,14
20/2/21,Madison,Florida,12079,1956,39
20/2/21,Manatee,Florida,12081,31024,575
20/2/21,Marion,Florida,12083,26933,735
20/2/21,Martin,Florida,12085,10300,273
20/2/21,Miami-Dade,Florida,12086,401136,5280
20/2/21,Monroe,Florida,12087,5675,44
20/2/21,Nassau,Florida,12089,7579,107
20/2/21,Okaloosa,Florida,12091,18322,319
20/2/21,Okeechobee,Florida,12093,3499,70
20/2/21,Orange,Florida,12095,111577,1070
20/2/21,Osceola,Florida,12097,35997,425
20/2/21,Palm Beach,Florida,12099,117229,2394
20/2/21,Pasco,Florida,12101,32440,631
20/2/21,Pinellas,Florida,12103,64785,1414
20/2/21,Polk,Florida,12105,55694,1107
20/2/21,Putnam,Florida,12107,5775,119
20/2/21,Santa Rosa,Florida,12113,16760,250
20/2/21,Sarasota,Florida,12115,26454,715
20/2/21,Seminole,Florida,12117,26534,411
20/2/21,St. Johns,Florida,12109,19799,185
20/2/21,St. Lucie,Florida,12111,21480,527
20/2/21,Sumter,Florida,12119,7747,226
20/2/21,Suwannee,Florida,12121,5077,125
20/2/21,Taylor,Florida,12123,2608,41
20/2/21,Union,Florida,12125,1727,70
20/2/21,Unknown,Florida,,3415,0
20/2/21,Volusia,Florida,12127,33681,633
20/2/21,Wakulla,Florida,12129,3136,51
20/2/21,Walton,Florida,12131,6897,82
20/2/21,Washington,Florida,12133,2595,41
20/2/21,Appling,Georgia,13001,2170,60
20/2/21,Atkinson,Georgia,13003,975,17
20/2/21,Bacon,Georgia,13005,1354,33
20/2/21,Baker,Georgia,13007,216,7
20/2/21,Baldwin,Georgia,13009,4218,107
20/2/21,Banks,Georgia,13011,1684,31
20/2/21,Barrow,Georgia,13013,8725,114
20/2/21,Bartow,Georgia,13015,12643,192
20/2/21,Ben Hill,Georgia,13017,2019,73
20/2/21,Berrien,Georgia,13019,1668,40
20/2/21,Bibb,Georgia,13021,14574,368
20/2/21,Bleckley,Georgia,13023,1415,48
20/2/21,Brantley,Georgia,13025,1496,29
20/2/21,Brooks,Georgia,13027,1261,43
20/2/21,Bryan,Georgia,13029,3099,31
20/2/21,Bulloch,Georgia,13031,6301,86
20/2/21,Burke,Georgia,13033,2347,51
20/2/21,Butts,Georgia,13035,2599,71
20/2/21,Calhoun,Georgia,13037,563,14
20/2/21,Camden,Georgia,13039,3628,30
20/2/21,Candler,Georgia,13043,900,54
20/2/21,Carroll,Georgia,13045,10347,200
20/2/21,Catoosa,Georgia,13047,5460,62
20/2/21,Charlton,Georgia,13049,1297,26
20/2/21,Chatham,Georgia,13051,20302,358
20/2/21,Chattahoochee,Georgia,13053,3039,11
20/2/21,Chattooga,Georgia,13055,2542,64
20/2/21,Cherokee,Georgia,13057,26662,252
20/2/21,Clarke,Georgia,13059,13910,110
20/2/21,Clay,Georgia,13061,228,3
20/2/21,Clayton,Georgia,13063,22584,374
20/2/21,Clinch,Georgia,13065,903,22
20/2/21,Cobb,Georgia,13067,68217,881
20/2/21,Coffee,Georgia,13069,5147,148
20/2/21,Colquitt,Georgia,13071,4324,96
20/2/21,Columbia,Georgia,13073,15444,184
20/2/21,Cook,Georgia,13075,1674,37
20/2/21,Coweta,Georgia,13077,12493,155
20/2/21,Crawford,Georgia,13079,614,15
20/2/21,Crisp,Georgia,13081,1905,58
20/2/21,Dade,Georgia,13083,1248,10
20/2/21,Dawson,Georgia,13085,2780,35
20/2/21,DeKalb,Georgia,13089,55808,790
20/2/21,Decatur,Georgia,13087,2710,64
20/2/21,Dodge,Georgia,13091,2081,95
20/2/21,Dooly,Georgia,13093,976,39
20/2/21,Dougherty,Georgia,13095,7003,276
20/2/21,Douglas,Georgia,13097,13109,175
20/2/21,Early,Georgia,13099,1110,44
20/2/21,Echols,Georgia,13101,450,6
20/2/21,Effingham,Georgia,13103,4087,56
20/2/21,Elbert,Georgia,13105,2197,57
20/2/21,Emanuel,Georgia,13107,2424,77
20/2/21,Evans,Georgia,13109,894,20
20/2/21,Fannin,Georgia,13111,2146,60
20/2/21,Fayette,Georgia,13113,7691,137
20/2/21,Floyd,Georgia,13115,10770,189
20/2/21,Forsyth,Georgia,13117,19550,144
20/2/21,Franklin,Georgia,13119,2515,42
20/2/21,Fulton,Georgia,13121,83521,1092
20/2/21,Gilmer,Georgia,13123,2744,70
20/2/21,Glascock,Georgia,13125,248,16
20/2/21,Glynn,Georgia,13127,7452,157
20/2/21,Gordon,Georgia,13129,7265,99
20/2/21,Grady,Georgia,13131,1979,55
20/2/21,Greene,Georgia,13133,1682,48
20/2/21,Gwinnett,Georgia,13135,90218,923
20/2/21,Habersham,Georgia,13137,4998,140
20/2/21,Hall,Georgia,13139,25308,389
20/2/21,Hancock,Georgia,13141,867,55
20/2/21,Haralson,Georgia,13143,2407,72
20/2/21,Harris,Georgia,13145,2277,45
20/2/21,Hart,Georgia,13147,2214,49
20/2/21,Heard,Georgia,13149,789,16
20/2/21,Henry,Georgia,13151,20972,259
20/2/21,Houston,Georgia,13153,13144,206
20/2/21,Irwin,Georgia,13155,886,25
20/2/21,Jackson,Georgia,13157,8905,126
20/2/21,Jasper,Georgia,13159,1265,30
20/2/21,Jeff Davis,Georgia,13161,1735,43
20/2/21,Jefferson,Georgia,13163,1838,54
20/2/21,Jenkins,Georgia,13165,802,38
20/2/21,Johnson,Georgia,13167,1093,47
20/2/21,Jones,Georgia,13169,1867,39
20/2/21,Lamar,Georgia,13171,1838,48
20/2/21,Lanier,Georgia,13173,731,11
20/2/21,Laurens,Georgia,13175,5349,154
20/2/21,Lee,Georgia,13177,2552,50
20/2/21,Liberty,Georgia,13179,3047,48
20/2/21,Lincoln,Georgia,13181,720,21
20/2/21,Long,Georgia,13183,783,12
20/2/21,Lowndes,Georgia,13185,11328,182
20/2/21,Lumpkin,Georgia,13187,2760,56
20/2/21,Macon,Georgia,13193,778,26
20/2/21,Madison,Georgia,13195,2986,46
20/2/21,Marion,Georgia,13197,507,15
20/2/21,McDuffie,Georgia,13189,2248,43
20/2/21,McIntosh,Georgia,13191,717,15
20/2/21,Meriwether,Georgia,13199,1822,51
20/2/21,Miller,Georgia,13201,756,8
20/2/21,Mitchell,Georgia,13205,1937,74
20/2/21,Monroe,Georgia,13207,2334,87
20/2/21,Montgomery,Georgia,13209,853,21
20/2/21,Morgan,Georgia,13211,1888,17
20/2/21,Murray,Georgia,13213,4437,68
20/2/21,Muscogee,Georgia,13215,14094,343
20/2/21,Newton,Georgia,13217,9133,191
20/2/21,Oconee,Georgia,13219,3540,61
20/2/21,Oglethorpe,Georgia,13221,1372,25
20/2/21,Paulding,Georgia,13223,14209,175
20/2/21,Peach,Georgia,13225,2412,47
20/2/21,Pickens,Georgia,13227,3045,63
20/2/21,Pierce,Georgia,13229,2293,50
20/2/21,Pike,Georgia,13231,2011,31
20/2/21,Polk,Georgia,13233,5165,76
20/2/21,Pulaski,Georgia,13235,872,38
20/2/21,Putnam,Georgia,13237,1970,46
20/2/21,Quitman,Georgia,13239,151,1
20/2/21,Rabun,Georgia,13241,1551,44
20/2/21,Randolph,Georgia,13243,592,32
20/2/21,Richmond,Georgia,13245,22368,412
20/2/21,Rockdale,Georgia,13247,6357,139
20/2/21,Schley,Georgia,13249,304,3
20/2/21,Screven,Georgia,13251,875,21
20/2/21,Seminole,Georgia,13253,895,17
20/2/21,Spalding,Georgia,13255,5407,153
20/2/21,Stephens,Georgia,13257,2955,72
20/2/21,Stewart,Georgia,13259,851,21
20/2/21,Sumter,Georgia,13261,2412,92
20/2/21,Talbot,Georgia,13263,442,15
20/2/21,Taliaferro,Georgia,13265,112,1
20/2/21,Tattnall,Georgia,13267,2165,56
20/2/21,Taylor,Georgia,13269,751,23
20/2/21,Telfair,Georgia,13271,1242,52
20/2/21,Terrell,Georgia,13273,741,41
20/2/21,Thomas,Georgia,13275,4155,112
20/2/21,Tift,Georgia,13277,4649,119
20/2/21,Toombs,Georgia,13279,3176,101
20/2/21,Towns,Georgia,13281,1084,49
20/2/21,Treutlen,Georgia,13283,831,22
20/2/21,Troup,Georgia,13285,6869,190
20/2/21,Turner,Georgia,13287,954,31
20/2/21,Twiggs,Georgia,13289,610,35
20/2/21,Union,Georgia,13291,2050,65
20/2/21,Unknown,Georgia,,3965,10
20/2/21,Upson,Georgia,13293,3187,111
20/2/21,Walker,Georgia,13295,6451,74
20/2/21,Walton,Georgia,13297,9165,208
20/2/21,Ware,Georgia,13299,4555,142
20/2/21,Warren,Georgia,13301,490,11
20/2/21,Washington,Georgia,13303,2038,66
20/2/21,Wayne,Georgia,13305,3267,73
20/2/21,Webster,Georgia,13307,134,4
20/2/21,Wheeler,Georgia,13309,614,23
20/2/21,White,Georgia,13311,3032,72
20/2/21,Whitfield,Georgia,13313,15764,209
20/2/21,Wilcox,Georgia,13315,784,44
20/2/21,Wilkes,Georgia,13317,1003,21
20/2/21,Wilkinson,Georgia,13319,865,22
20/2/21,Worth,Georgia,13321,1676,61
20/2/21,Unknown,Guam,,8685,131
20/2/21,Hawaii,Hawaii,15001,2258,53
20/2/21,Honolulu,Hawaii,15003,21963,343
20/2/21,Kalawao,Hawaii,15005,1,0
20/2/21,Kauai,Hawaii,15007,182,1
20/2/21,Maui,Hawaii,15009,2607,30
20/2/21,Ada,Idaho,16001,46190,428
20/2/21,Adams,Idaho,16003,325,3
20/2/21,Bannock,Idaho,16005,7774,93
20/2/21,Bear Lake,Idaho,16007,344,2
20/2/21,Benewah,Idaho,16009,576,7
20/2/21,Bingham,Idaho,16011,4201,62
20/2/21,Blaine,Idaho,16013,2136,16
20/2/21,Boise,Idaho,16015,302,2
20/2/21,Bonner,Idaho,16017,2936,30
20/2/21,Bonneville,Idaho,16019,11902,143
20/2/21,Boundary,Idaho,16021,810,10
20/2/21,Butte,Idaho,16023,197,1
20/2/21,Camas,Idaho,16025,69,0
20/2/21,Canyon,Idaho,16027,24512,271
20/2/21,Caribou,Idaho,16029,622,11
20/2/21,Cassia,Idaho,16031,2845,25
20/2/21,Clark,Idaho,16033,53,0
20/2/21,Clearwater,Idaho,16035,994,12
20/2/21,Custer,Idaho,16037,229,3
20/2/21,Elmore,Idaho,16039,1587,12
20/2/21,Franklin,Idaho,16041,1076,15
20/2/21,Fremont,Idaho,16043,984,14
20/2/21,Gem,Idaho,16045,1689,30
20/2/21,Gooding,Idaho,16047,1260,24
20/2/21,Idaho,Idaho,16049,1179,17
20/2/21,Jefferson,Idaho,16051,2395,21
20/2/21,Jerome,Idaho,16053,2485,20
20/2/21,Kootenai,Idaho,16055,16463,174
20/2/21,Latah,Idaho,16057,2643,6
20/2/21,Lemhi,Idaho,16059,492,9
20/2/21,Lewis,Idaho,16061,375,6
20/2/21,Lincoln,Idaho,16063,483,11
20/2/21,Madison,Idaho,16065,6190,21
20/2/21,Minidoka,Idaho,16067,2269,29
20/2/21,Nez Perce,Idaho,16069,3337,51
20/2/21,Oneida,Idaho,16071,327,3
20/2/21,Owyhee,Idaho,16073,1001,24
20/2/21,Payette,Idaho,16075,2372,31
20/2/21,Power,Idaho,16077,632,8
20/2/21,Shoshone,Idaho,16079,995,32
20/2/21,Teton,Idaho,16081,1062,4
20/2/21,Twin Falls,Idaho,16083,8953,122
20/2/21,Valley,Idaho,16085,790,5
20/2/21,Washington,Idaho,16087,1173,21
20/2/21,Adams,Illinois,17001,7957,142
20/2/21,Alexander,Illinois,17003,442,8
20/2/21,Bond,Illinois,17005,1885,30
20/2/21,Boone,Illinois,17007,5897,83
20/2/21,Brown,Illinois,17009,657,12
20/2/21,Bureau,Illinois,17011,3258,86
20/2/21,Calhoun,Illinois,17013,473,5
20/2/21,Carroll,Illinois,17015,1556,35
20/2/21,Cass,Illinois,17017,1868,31
20/2/21,Champaign,Illinois,17019,17898,131
20/2/21,Christian,Illinois,17021,3267,80
20/2/21,Clark,Illinois,17023,1665,37
20/2/21,Clay,Illinois,17025,1421,46
20/2/21,Clinton,Illinois,17027,5540,98
20/2/21,Coles,Illinois,17029,5122,92
20/2/21,Cook,Illinois,17031,469379,9800
20/2/21,Crawford,Illinois,17033,1994,37
20/2/21,Cumberland,Illinois,17035,1180,30
20/2/21,De Witt,Illinois,17039,1270,29
20/2/21,DeKalb,Illinois,17037,8297,116
20/2/21,Douglas,Illinois,17041,2383,37
20/2/21,DuPage,Illinois,17043,75701,1263
20/2/21,Edgar,Illinois,17045,1534,57
20/2/21,Edwards,Illinois,17047,523,11
20/2/21,Effingham,Illinois,17049,4476,80
20/2/21,Fayette,Illinois,17051,3058,55
20/2/21,Ford,Illinois,17053,1549,52
20/2/21,Franklin,Illinois,17055,4118,77
20/2/21,Fulton,Illinois,17057,2816,52
20/2/21,Gallatin,Illinois,17059,432,5
20/2/21,Greene,Illinois,17061,1375,44
20/2/21,Grundy,Illinois,17063,5025,66
20/2/21,Hamilton,Illinois,17065,782,18
20/2/21,Hancock,Illinois,17067,1660,39
20/2/21,Hardin,Illinois,17069,342,12
20/2/21,Henderson,Illinois,17071,492,17
20/2/21,Henry,Illinois,17073,4293,84
20/2/21,Iroquois,Illinois,17075,2763,62
20/2/21,Jackson,Illinois,17077,4562,71
20/2/21,Jasper,Illinois,17079,1102,19
20/2/21,Jefferson,Illinois,17081,3941,115
20/2/21,Jersey,Illinois,17083,2473,64
20/2/21,Jo Daviess,Illinois,17085,1593,25
20/2/21,Johnson,Illinois,17087,1336,17
20/2/21,Kane,Illinois,17089,50069,758
20/2/21,Kankakee,Illinois,17091,12326,196
20/2/21,Kendall,Illinois,17093,10908,91
20/2/21,Knox,Illinois,17095,4989,156
20/2/21,LaSalle,Illinois,17099,10601,269
20/2/21,Lake,Illinois,17097,58618,985
20/2/21,Lawrence,Illinois,17101,2278,33
20/2/21,Lee,Illinois,17103,3298,82
20/2/21,Livingston,Illinois,17105,4120,86
20/2/21,Logan,Illinois,17107,3292,65
20/2/21,Macon,Illinois,17115,9377,192
20/2/21,Macoupin,Illinois,17117,4312,107
20/2/21,Madison,Illinois,17119,27616,522
20/2/21,Marion,Illinois,17121,4240,116
20/2/21,Marshall,Illinois,17123,830,16
20/2/21,Mason,Illinois,17125,1267,42
20/2/21,Massac,Illinois,17127,1240,35
20/2/21,McDonough,Illinois,17109,2301,52
20/2/21,McHenry,Illinois,17111,23967,287
20/2/21,McLean,Illinois,17113,14432,192
20/2/21,Menard,Illinois,17129,1026,12
20/2/21,Mercer,Illinois,17131,1270,32
20/2/21,Monroe,Illinois,17133,4022,80
20/2/21,Montgomery,Illinois,17135,3440,73
20/2/21,Morgan,Illinois,17137,3631,98
20/2/21,Moultrie,Illinois,17139,1480,30
20/2/21,Ogle,Illinois,17141,4950,80
20/2/21,Peoria,Illinois,17143,16809,273
20/2/21,Perry,Illinois,17145,3007,66
20/2/21,Piatt,Illinois,17147,1300,20
20/2/21,Pike,Illinois,17149,1672,52
20/2/21,Pope,Illinois,17151,279,3
20/2/21,Pulaski,Illinois,17153,667,5
20/2/21,Putnam,Illinois,17155,407,4
20/2/21,Randolph,Illinois,17157,3945,82
20/2/21,Richland,Illinois,17159,1632,47
20/2/21,Rock Island,Illinois,17161,12933,328
20/2/21,Saline,Illinois,17165,2265,61
20/2/21,Sangamon,Illinois,17167,15931,257
20/2/21,Schuyler,Illinois,17169,672,17
20/2/21,Scott,Illinois,17171,446,1
20/2/21,Shelby,Illinois,17173,2112,36
20/2/21,St. Clair,Illinois,17163,27572,506
20/2/21,Stark,Illinois,17175,534,22
20/2/21,Stephenson,Illinois,17177,4044,92
20/2/21,Tazewell,Illinois,17179,13332,273
20/2/21,Union,Illinois,17181,2180,37
20/2/21,Unknown,Illinois,,0,181
20/2/21,Vermilion,Illinois,17183,8451,131
20/2/21,Wabash,Illinois,17185,1294,15
20/2/21,Warren,Illinois,17187,1658,46
20/2/21,Washington,Illinois,17189,1570,29
20/2/21,Wayne,Illinois,17191,1662,48
20/2/21,White,Illinois,17193,1593,35
20/2/21,Whiteside,Illinois,17195,5923,187
20/2/21,Will,Illinois,17197,64131,953
20/2/21,Williamson,Illinois,17199,6739,131
20/2/21,Winnebago,Illinois,17201,28132,458
20/2/21,Woodford,Illinois,17203,3634,73
20/2/21,Adams,Indiana,18001,3189,50
20/2/21,Allen,Indiana,18003,35434,655
20/2/21,Bartholomew,Indiana,18005,7340,152
20/2/21,Benton,Indiana,18007,908,13
20/2/21,Blackford,Indiana,18009,1211,27
20/2/21,Boone,Indiana,18011,6034,93
20/2/21,Brown,Indiana,18013,939,39
20/2/21,Carroll,Indiana,18015,1750,20
20/2/21,Cass,Indiana,18017,5339,100
20/2/21,Clark,Indiana,18019,11811,187
20/2/21,Clay,Indiana,18021,2381,43
20/2/21,Clinton,Indiana,18023,3920,57
20/2/21,Crawford,Indiana,18025,899,14
20/2/21,Daviess,Indiana,18027,2838,97
20/2/21,DeKalb,Indiana,18033,3815,81
20/2/21,Dearborn,Indiana,18029,5372,67
20/2/21,Decatur,Indiana,18031,2742,92
20/2/21,Delaware,Indiana,18035,9782,183
20/2/21,Dubois,Indiana,18037,5857,107
20/2/21,Elkhart,Indiana,18039,25305,427
20/2/21,Fayette,Indiana,18041,2830,55
20/2/21,Floyd,Indiana,18043,7131,168
20/2/21,Fountain,Indiana,18045,1998,40
20/2/21,Franklin,Indiana,18047,1601,36
20/2/21,Fulton,Indiana,18049,1760,38
20/2/21,Gibson,Indiana,18051,3995,84
20/2/21,Grant,Indiana,18053,6797,162
20/2/21,Greene,Indiana,18055,2601,82
20/2/21,Hamilton,Indiana,18057,31665,394
20/2/21,Hancock,Indiana,18059,7388,132
20/2/21,Harrison,Indiana,18061,3938,62
20/2/21,Hendricks,Indiana,18063,15715,314
20/2/21,Henry,Indiana,18065,5392,91
20/2/21,Howard,Indiana,18067,9010,195
20/2/21,Huntington,Indiana,18069,3365,77
20/2/21,Jackson,Indiana,18071,4616,61
20/2/21,Jasper,Indiana,18073,3125,44
20/2/21,Jay,Indiana,18075,1778,30
20/2/21,Jefferson,Indiana,18077,2918,73
20/2/21,Jennings,Indiana,18079,2131,46
20/2/21,Johnson,Indiana,18081,16256,360
20/2/21,Knox,Indiana,18083,3542,82
20/2/21,Kosciusko,Indiana,18085,8501,111
20/2/21,LaGrange,Indiana,18087,2405,72
20/2/21,LaPorte,Indiana,18091,9701,197
20/2/21,Lake,Indiana,18089,48040,891
20/2/21,Lawrence,Indiana,18093,4144,114
20/2/21,Madison,Indiana,18095,11684,331
20/2/21,Marion,Indiana,18097,90044,1685
20/2/21,Marshall,Indiana,18099,5376,105
20/2/21,Martin,Indiana,18101,798,14
20/2/21,Miami,Indiana,18103,3538,62
20/2/21,Monroe,Indiana,18105,10194,161
20/2/21,Montgomery,Indiana,18107,3791,84
20/2/21,Morgan,Indiana,18109,6030,129
20/2/21,Newton,Indiana,18111,966,33
20/2/21,Noble,Indiana,18113,5053,78
20/2/21,Ohio,Indiana,18115,524,11
20/2/21,Orange,Indiana,18117,1709,53
20/2/21,Owen,Indiana,18119,1818,54
20/2/21,Parke,Indiana,18121,1389,15
20/2/21,Perry,Indiana,18123,1728,36
20/2/21,Pike,Indiana,18125,1268,32
20/2/21,Porter,Indiana,18127,15814,277
20/2/21,Posey,Indiana,18129,2588,31
20/2/21,Pulaski,Indiana,18131,1052,42
20/2/21,Putnam,Indiana,18133,3251,58
20/2/21,Randolph,Indiana,18135,2291,76
20/2/21,Ripley,Indiana,18137,3245,60
20/2/21,Rush,Indiana,18139,1693,22
20/2/21,Scott,Indiana,18143,2479,48
20/2/21,Shelby,Indiana,18145,5490,100
20/2/21,Spencer,Indiana,18147,2157,30
20/2/21,St. Joseph,Indiana,18141,29401,524
20/2/21,Starke,Indiana,18149,1855,53
20/2/21,Steuben,Indiana,18151,3354,57
20/2/21,Sullivan,Indiana,18153,2020,38
20/2/21,Switzerland,Indiana,18155,751,7
20/2/21,Tippecanoe,Indiana,18157,19676,197
20/2/21,Tipton,Indiana,18159,1456,44
20/2/21,Union,Indiana,18161,695,10
20/2/21,Vanderburgh,Indiana,18163,21058,376
20/2/21,Vermillion,Indiana,18165,1579,40
20/2/21,Vigo,Indiana,18167,11476,233
20/2/21,Wabash,Indiana,18169,3279,75
20/2/21,Warren,Indiana,18171,744,13
20/2/21,Warrick,Indiana,18173,7355,146
20/2/21,Washington,Indiana,18175,2058,27
20/2/21,Wayne,Indiana,18177,6967,190
20/2/21,Wells,Indiana,18179,2563,78
20/2/21,White,Indiana,18181,2936,51
20/2/21,Whitley,Indiana,18183,3446,35
20/2/21,Adair,Iowa,19001,790,26
20/2/21,Adams,Iowa,19003,317,3
20/2/21,Allamakee,Iowa,19005,1386,41
20/2/21,Appanoose,Iowa,19007,1202,47
20/2/21,Audubon,Iowa,19009,464,9
20/2/21,Benton,Iowa,19011,2320,54
20/2/21,Black Hawk,Iowa,19013,14757,284
20/2/21,Boone,Iowa,19015,2380,30
20/2/21,Bremer,Iowa,19017,2628,53
20/2/21,Buchanan,Iowa,19019,1732,27
20/2/21,Buena Vista,Iowa,19021,4058,36
20/2/21,Butler,Iowa,19023,1570,31
20/2/21,Calhoun,Iowa,19025,1274,10
20/2/21,Carroll,Iowa,19027,2639,47
20/2/21,Cass,Iowa,19029,1241,48
20/2/21,Cedar,Iowa,19031,1650,22
20/2/21,Cerro Gordo,Iowa,19033,4939,79
20/2/21,Cherokee,Iowa,19035,1431,35
20/2/21,Chickasaw,Iowa,19037,1180,13
20/2/21,Clarke,Iowa,19039,922,20
20/2/21,Clay,Iowa,19041,1823,25
20/2/21,Clayton,Iowa,19043,1588,53
20/2/21,Clinton,Iowa,19045,4914,82
20/2/21,Crawford,Iowa,19047,2471,35
20/2/21,Dallas,Iowa,19049,9905,88
20/2/21,Davis,Iowa,19051,749,23
20/2/21,Decatur,Iowa,19053,550,9
20/2/21,Delaware,Iowa,19055,1844,38
20/2/21,Des Moines,Iowa,19057,4186,56
20/2/21,Dickinson,Iowa,19059,1989,38
20/2/21,Dubuque,Iowa,19061,12202,191
20/2/21,Emmet,Iowa,19063,1136,39
20/2/21,Fayette,Iowa,19065,1757,32
20/2/21,Floyd,Iowa,19067,1462,38
20/2/21,Franklin,Iowa,19069,1082,19
20/2/21,Fremont,Iowa,19071,548,9
20/2/21,Greene,Iowa,19073,722,10
20/2/21,Grundy,Iowa,19075,1294,30
20/2/21,Guthrie,Iowa,19077,1074,28
20/2/21,Hamilton,Iowa,19079,1719,40
20/2/21,Hancock,Iowa,19081,1362,28
20/2/21,Hardin,Iowa,19083,1660,35
20/2/21,Harrison,Iowa,19085,1650,68
20/2/21,Henry,Iowa,19087,2774,35
20/2/21,Howard,Iowa,19089,974,21
20/2/21,Humboldt,Iowa,19091,1118,23
20/2/21,Ida,Iowa,19093,804,32
20/2/21,Iowa,Iowa,19095,1365,23
20/2/21,Jackson,Iowa,19097,2075,37
20/2/21,Jasper,Iowa,19099,3692,65
20/2/21,Jefferson,Iowa,19101,1267,32
20/2/21,Johnson,Iowa,19103,12906,72
20/2/21,Jones,Iowa,19105,2835,54
20/2/21,Keokuk,Iowa,19107,904,29
20/2/21,Kossuth,Iowa,19109,1941,54
20/2/21,Lee,Iowa,19111,3483,51
20/2/21,Linn,Iowa,19113,19202,305
20/2/21,Louisa,Iowa,19115,1203,41
20/2/21,Lucas,Iowa,19117,695,21
20/2/21,Lyon,Iowa,19119,1440,41
20/2/21,Madison,Iowa,19121,1379,17
20/2/21,Mahaska,Iowa,19123,2120,44
20/2/21,Marion,Iowa,19125,3346,66
20/2/21,Marshall,Iowa,19127,4569,70
20/2/21,Mills,Iowa,19129,1461,20
20/2/21,Mitchell,Iowa,19131,1189,40
20/2/21,Monona,Iowa,19133,757,25
20/2/21,Monroe,Iowa,19135,873,27
20/2/21,Montgomery,Iowa,19137,958,36
20/2/21,Muscatine,Iowa,19139,4138,88
20/2/21,O'Brien,Iowa,19141,1774,58
20/2/21,Osceola,Iowa,19143,667,14
20/2/21,Page,Iowa,19145,1692,19
20/2/21,Palo Alto,Iowa,19147,988,21
20/2/21,Plymouth,Iowa,19149,3630,77
20/2/21,Pocahontas,Iowa,19151,804,19
20/2/21,Polk,Iowa,19153,50544,537
20/2/21,Pottawattamie,Iowa,19155,9666,140
20/2/21,Poweshiek,Iowa,19157,1455,29
20/2/21,Ringgold,Iowa,19159,495,16
20/2/21,Sac,Iowa,19161,1160,17
20/2/21,Scott,Iowa,19163,16852,200
20/2/21,Shelby,Iowa,19165,1135,32
20/2/21,Sioux,Iowa,19167,4719,67
20/2/21,Story,Iowa,19169,9363,45
20/2/21,Tama,Iowa,19171,1985,64
20/2/21,Taylor,Iowa,19173,634,11
20/2/21,Union,Iowa,19175,1177,31
20/2/21,Unknown,Iowa,,1370,0
20/2/21,Van Buren,Iowa,19177,533,17
20/2/21,Wapello,Iowa,19179,3877,105
20/2/21,Warren,Iowa,19181,5002,69
20/2/21,Washington,Iowa,19183,2370,43
20/2/21,Wayne,Iowa,19185,443,21
20/2/21,Webster,Iowa,19187,4872,85
20/2/21,Winnebago,Iowa,19189,1275,30
20/2/21,Winneshiek,Iowa,19191,1783,26
20/2/21,Woodbury,Iowa,19193,13559,210
20/2/21,Worth,Iowa,19195,650,4
20/2/21,Wright,Iowa,19197,1716,31
20/2/21,Allen,Kansas,20001,1088,1
20/2/21,Anderson,Kansas,20003,803,0
20/2/21,Atchison,Kansas,20005,1520,13
20/2/21,Barber,Kansas,20007,364,2
20/2/21,Barton,Kansas,20009,2558,21
20/2/21,Bourbon,Kansas,20011,1271,3
20/2/21,Brown,Kansas,20013,1201,32
20/2/21,Butler,Kansas,20015,7094,60
20/2/21,Chase,Kansas,20017,273,3
20/2/21,Chautauqua,Kansas,20019,251,3
20/2/21,Cherokee,Kansas,20021,2333,16
20/2/21,Cheyenne,Kansas,20023,344,10
20/2/21,Clark,Kansas,20025,235,4
20/2/21,Clay,Kansas,20027,817,24
20/2/21,Cloud,Kansas,20029,960,2
20/2/21,Coffey,Kansas,20031,701,13
20/2/21,Comanche,Kansas,20033,155,9
20/2/21,Cowley,Kansas,20035,3764,9
20/2/21,Crawford,Kansas,20037,4466,77
20/2/21,Decatur,Kansas,20039,258,1
20/2/21,Dickinson,Kansas,20041,1680,35
20/2/21,Doniphan,Kansas,20043,929,7
20/2/21,Douglas,Kansas,20045,8548,71
20/2/21,Edwards,Kansas,20047,262,0
20/2/21,Elk,Kansas,20049,167,0
20/2/21,Ellis,Kansas,20051,3642,61
20/2/21,Ellsworth,Kansas,20053,1203,4
20/2/21,Finney,Kansas,20055,5971,48
20/2/21,Ford,Kansas,20057,5543,10
20/2/21,Franklin,Kansas,20059,2415,20
20/2/21,Geary,Kansas,20061,2947,24
20/2/21,Gove,Kansas,20063,376,22
20/2/21,Graham,Kansas,20065,247,2
20/2/21,Grant,Kansas,20067,964,17
20/2/21,Gray,Kansas,20069,600,12
20/2/21,Greeley,Kansas,20071,101,0
20/2/21,Greenwood,Kansas,20073,581,2
20/2/21,Hamilton,Kansas,20075,199,0
20/2/21,Harper,Kansas,20077,601,17
20/2/21,Harvey,Kansas,20079,3365,56
20/2/21,Haskell,Kansas,20081,407,1
20/2/21,Hodgeman,Kansas,20083,193,6
20/2/21,Jackson,Kansas,20085,1327,11
20/2/21,Jefferson,Kansas,20087,1603,30
20/2/21,Jewell,Kansas,20089,198,3
20/2/21,Johnson,Kansas,20091,53652,632
20/2/21,Kearny,Kansas,20093,555,9
20/2/21,Kingman,Kansas,20095,720,11
20/2/21,Kiowa,Kansas,20097,266,5
20/2/21,Labette,Kansas,20099,2572,47
20/2/21,Lane,Kansas,20101,141,5
20/2/21,Leavenworth,Kansas,20103,6680,49
20/2/21,Lincoln,Kansas,20105,254,4
20/2/21,Linn,Kansas,20107,829,12
20/2/21,Logan,Kansas,20109,291,0
20/2/21,Lyon,Kansas,20111,4032,75
20/2/21,Marion,Kansas,20115,1011,16
20/2/21,Marshall,Kansas,20117,1070,23
20/2/21,McPherson,Kansas,20113,3113,78
20/2/21,Meade,Kansas,20119,486,7
20/2/21,Miami,Kansas,20121,2592,25
20/2/21,Mitchell,Kansas,20123,557,0
20/2/21,Montgomery,Kansas,20125,3218,6
20/2/21,Morris,Kansas,20127,581,17
20/2/21,Morton,Kansas,20129,252,9
20/2/21,Nemaha,Kansas,20131,1459,50
20/2/21,Neosho,Kansas,20133,1708,18
20/2/21,Ness,Kansas,20135,364,15
20/2/21,Norton,Kansas,20137,1216,27
20/2/21,Osage,Kansas,20139,1175,11
20/2/21,Osborne,Kansas,20141,286,0
20/2/21,Ottawa,Kansas,20143,548,0
20/2/21,Pawnee,Kansas,20145,1131,14
20/2/21,Phillips,Kansas,20147,688,18
20/2/21,Pottawatomie,Kansas,20149,1728,24
20/2/21,Pratt,Kansas,20151,801,23
20/2/21,Rawlins,Kansas,20153,350,7
20/2/21,Reno,Kansas,20155,8245,126
20/2/21,Republic,Kansas,20157,676,14
20/2/21,Rice,Kansas,20159,1047,1
20/2/21,Riley,Kansas,20161,6158,33
20/2/21,Rooks,Kansas,20163,620,10
20/2/21,Rush,Kansas,20165,424,0
20/2/21,Russell,Kansas,20167,832,23
20/2/21,Saline,Kansas,20169,5901,104
20/2/21,Scott,Kansas,20171,600,21
20/2/21,Sedgwick,Kansas,20173,53047,483
20/2/21,Seward,Kansas,20175,3862,29
20/2/21,Shawnee,Kansas,20177,16181,331
20/2/21,Sheridan,Kansas,20179,426,0
20/2/21,Sherman,Kansas,20181,603,7
20/2/21,Smith,Kansas,20183,271,2
20/2/21,Stafford,Kansas,20185,341,9
20/2/21,Stanton,Kansas,20187,181,2
20/2/21,Stevens,Kansas,20189,580,7
20/2/21,Sumner,Kansas,20191,2059,27
20/2/21,Thomas,Kansas,20193,1094,13
20/2/21,Trego,Kansas,20195,403,3
20/2/21,Unknown,Kansas,,0,1072
20/2/21,Wabaunsee,Kansas,20197,647,14
20/2/21,Wallace,Kansas,20199,175,0
20/2/21,Washington,Kansas,20201,522,9
20/2/21,Wichita,Kansas,20203,215,0
20/2/21,Wilson,Kansas,20205,920,12
20/2/21,Woodson,Kansas,20207,194,0
20/2/21,Wyandotte,Kansas,20209,18935,263
20/2/21,Adair,Kentucky,21001,1646,49
20/2/21,Allen,Kentucky,21003,1781,22
20/2/21,Anderson,Kentucky,21005,1593,16
20/2/21,Ballard,Kentucky,21007,339,5
20/2/21,Barren,Kentucky,21009,3941,71
20/2/21,Bath,Kentucky,21011,740,16
20/2/21,Bell,Kentucky,21013,2661,33
20/2/21,Boone,Kentucky,21015,12708,72
20/2/21,Bourbon,Kentucky,21017,1521,12
20/2/21,Boyd,Kentucky,21019,4565,43
20/2/21,Boyle,Kentucky,21021,3115,31
20/2/21,Bracken,Kentucky,21023,500,4
20/2/21,Breathitt,Kentucky,21025,912,6
20/2/21,Breckinridge,Kentucky,21027,1078,9
20/2/21,Bullitt,Kentucky,21029,6263,47
20/2/21,Butler,Kentucky,21031,1326,23
20/2/21,Caldwell,Kentucky,21033,1324,23
20/2/21,Calloway,Kentucky,21035,3345,38
20/2/21,Campbell,Kentucky,21037,7915,46
20/2/21,Carlisle,Kentucky,21039,426,1
20/2/21,Carroll,Kentucky,21041,871,10
20/2/21,Carter,Kentucky,21043,1934,22
20/2/21,Casey,Kentucky,21045,1258,34
20/2/21,Christian,Kentucky,21047,6148,79
20/2/21,Clark,Kentucky,21049,2370,18
20/2/21,Clay,Kentucky,21051,2342,26
20/2/21,Clinton,Kentucky,21053,1375,27
20/2/21,Crittenden,Kentucky,21055,548,17
20/2/21,Cumberland,Kentucky,21057,649,9
20/2/21,Daviess,Kentucky,21059,9522,154
20/2/21,Edmonson,Kentucky,21061,864,18
20/2/21,Elliott,Kentucky,21063,935,1
20/2/21,Estill,Kentucky,21065,959,1
20/2/21,Fayette,Kentucky,21067,32009,224
20/2/21,Fleming,Kentucky,21069,1067,14
20/2/21,Floyd,Kentucky,21071,2965,29
20/2/21,Franklin,Kentucky,21073,3576,28
20/2/21,Fulton,Kentucky,21075,465,6
20/2/21,Gallatin,Kentucky,21077,645,19
20/2/21,Garrard,Kentucky,21079,1373,9
20/2/21,Grant,Kentucky,21081,2133,13
20/2/21,Graves,Kentucky,21083,3923,70
20/2/21,Grayson,Kentucky,21085,1917,45
20/2/21,Green,Kentucky,21087,1092,13
20/2/21,Greenup,Kentucky,21089,3273,23
20/2/21,Hancock,Kentucky,21091,800,15
20/2/21,Hardin,Kentucky,21093,8648,87
20/2/21,Harlan,Kentucky,21095,2352,68
20/2/21,Harrison,Kentucky,21097,1471,9
20/2/21,Hart,Kentucky,21099,1786,33
20/2/21,Henderson,Kentucky,21101,4284,57
20/2/21,Henry,Kentucky,21103,1194,7
20/2/21,Hickman,Kentucky,21105,313,7
20/2/21,Hopkins,Kentucky,21107,3856,128
20/2/21,Jackson,Kentucky,21109,1186,29
20/2/21,Jefferson,Kentucky,21111,72916,884
20/2/21,Jessamine,Kentucky,21113,4032,49
20/2/21,Johnson,Kentucky,21115,1713,18
20/2/21,Kenton,Kentucky,21117,15106,125
20/2/21,Knott,Kentucky,21119,1004,15
20/2/21,Knox,Kentucky,21121,2800,11
20/2/21,Larue,Kentucky,21123,1179,11
20/2/21,Laurel,Kentucky,21125,5691,25
20/2/21,Lawrence,Kentucky,21127,1198,17
20/2/21,Lee,Kentucky,21129,1181,19
20/2/21,Leslie,Kentucky,21131,767,2
20/2/21,Letcher,Kentucky,21133,1638,18
20/2/21,Lewis,Kentucky,21135,1081,30
20/2/21,Lincoln,Kentucky,21137,2057,32
20/2/21,Livingston,Kentucky,21139,741,16
20/2/21,Logan,Kentucky,21141,2430,51
20/2/21,Lyon,Kentucky,21143,465,13
20/2/21,Madison,Kentucky,21151,8486,79
20/2/21,Magoffin,Kentucky,21153,855,1
20/2/21,Marion,Kentucky,21155,2116,23
20/2/21,Marshall,Kentucky,21157,2476,46
20/2/21,Martin,Kentucky,21159,908,11
20/2/21,Mason,Kentucky,21161,1411,27
20/2/21,McCracken,Kentucky,21145,5645,63
20/2/21,McCreary,Kentucky,21147,1735,23
20/2/21,McLean,Kentucky,21149,827,25
20/2/21,Meade,Kentucky,21163,1816,13
20/2/21,Menifee,Kentucky,21165,395,11
20/2/21,Mercer,Kentucky,21167,2324,24
20/2/21,Metcalfe,Kentucky,21169,939,19
20/2/21,Monroe,Kentucky,21171,1245,38
20/2/21,Montgomery,Kentucky,21173,2271,23
20/2/21,Morgan,Kentucky,21175,2010,1
20/2/21,Muhlenberg,Kentucky,21177,2709,53
20/2/21,Nelson,Kentucky,21179,4516,31
20/2/21,Nicholas,Kentucky,21181,444,6
20/2/21,Ohio,Kentucky,21183,2308,47
20/2/21,Oldham,Kentucky,21185,6771,69
20/2/21,Owen,Kentucky,21187,619,8
20/2/21,Owsley,Kentucky,21189,406,10
20/2/21,Pendleton,Kentucky,21191,912,1
20/2/21,Perry,Kentucky,21193,2208,33
20/2/21,Pike,Kentucky,21195,4982,57
20/2/21,Powell,Kentucky,21197,960,1
20/2/21,Pulaski,Kentucky,21199,5662,84
20/2/21,Robertson,Kentucky,21201,187,12
20/2/21,Rockcastle,Kentucky,21203,1309,13
20/2/21,Rowan,Kentucky,21205,1906,10
20/2/21,Russell,Kentucky,21207,1711,39
20/2/21,Scott,Kentucky,21209,3859,26
20/2/21,Shelby,Kentucky,21211,4276,45
20/2/21,Simpson,Kentucky,21213,1629,28
20/2/21,Spencer,Kentucky,21215,1466,11
20/2/21,Taylor,Kentucky,21217,2682,31
20/2/21,Todd,Kentucky,21219,1001,24
20/2/21,Trigg,Kentucky,21221,1093,8
20/2/21,Trimble,Kentucky,21223,589,3
20/2/21,Union,Kentucky,21225,1257,13
20/2/21,Warren,Kentucky,21227,14310,130
20/2/21,Washington,Kentucky,21229,1299,29
20/2/21,Wayne,Kentucky,21231,2054,43
20/2/21,Webster,Kentucky,21233,1156,17
20/2/21,Whitley,Kentucky,21235,4103,16
20/2/21,Wolfe,Kentucky,21237,417,4
20/2/21,Woodford,Kentucky,21239,1950,4
20/2/21,Acadia,Louisiana,22001,5999,181
20/2/21,Allen,Louisiana,22003,2932,84
20/2/21,Ascension,Louisiana,22005,10812,144
20/2/21,Assumption,Louisiana,22007,2069,33
20/2/21,Avoyelles,Louisiana,22009,3842,117
20/2/21,Beauregard,Louisiana,22011,2742,65
20/2/21,Bienville,Louisiana,22013,1573,69
20/2/21,Bossier,Louisiana,22015,12852,256
20/2/21,Caddo,Louisiana,22017,24410,664
20/2/21,Calcasieu,Louisiana,22019,18778,346
20/2/21,Caldwell,Louisiana,22021,1068,25
20/2/21,Cameron,Louisiana,22023,530,5
20/2/21,Catahoula,Louisiana,22025,1038,33
20/2/21,Claiborne,Louisiana,22027,1390,49
20/2/21,Concordia,Louisiana,22029,1744,55
20/2/21,De Soto,Louisiana,22031,2609,70
20/2/21,East Baton Rouge,Louisiana,22033,34823,721
20/2/21,East Carroll,Louisiana,22035,1094,23
20/2/21,East Feliciana,Louisiana,22037,2936,104
20/2/21,Evangeline,Louisiana,22039,3223,77
20/2/21,Franklin,Louisiana,22041,2409,100
20/2/21,Grant,Louisiana,22043,1976,51
20/2/21,Iberia,Louisiana,22045,6367,143
20/2/21,Iberville,Louisiana,22047,3390,91
20/2/21,Jackson,Louisiana,22049,1739,45
20/2/21,Jefferson,Louisiana,22051,43233,834
20/2/21,Jefferson Davis,Louisiana,22053,2827,83
20/2/21,LaSalle,Louisiana,22059,1404,33
20/2/21,Lafayette,Louisiana,22055,21355,253
20/2/21,Lafourche,Louisiana,22057,8921,194
20/2/21,Lincoln,Louisiana,22061,4205,88
20/2/21,Livingston,Louisiana,22063,12036,177
20/2/21,Madison,Louisiana,22065,1545,31
20/2/21,Morehouse,Louisiana,22067,2681,67
20/2/21,Natchitoches,Louisiana,22069,3835,77
20/2/21,Orleans,Louisiana,22071,27942,755
20/2/21,Ouachita,Louisiana,22073,17592,404
20/2/21,Plaquemines,Louisiana,22075,2247,23
20/2/21,Pointe Coupee,Louisiana,22077,2325,69
20/2/21,Rapides,Louisiana,22079,11140,290
20/2/21,Red River,Louisiana,22081,856,35
20/2/21,Richland,Louisiana,22083,2312,49
20/2/21,Sabine,Louisiana,22085,2736,52
20/2/21,St. Bernard,Louisiana,22087,3571,46
20/2/21,St. Charles,Louisiana,22089,5023,88
20/2/21,St. Helena,Louisiana,22091,872,8
20/2/21,St. James,Louisiana,22093,1817,49
20/2/21,St. John the Baptist,Louisiana,22095,3478,131
20/2/21,St. Landry,Louisiana,22097,8175,241
20/2/21,St. Martin,Louisiana,22099,4792,110
20/2/21,St. Mary,Louisiana,22101,4017,119
20/2/21,St. Tammany,Louisiana,22103,23223,475
20/2/21,Tangipahoa,Louisiana,22105,11820,261
20/2/21,Tensas,Louisiana,22107,356,6
20/2/21,Terrebonne,Louisiana,22109,9281,192
20/2/21,Union,Louisiana,22111,2287,75
20/2/21,Unknown,Louisiana,,412,0
20/2/21,Vermilion,Louisiana,22113,4768,105
20/2/21,Vernon,Louisiana,22115,2822,95
20/2/21,Washington,Louisiana,22117,4014,120
20/2/21,Webster,Louisiana,22119,3872,92
20/2/21,West Baton Rouge,Louisiana,22121,2452,53
20/2/21,West Carroll,Louisiana,22123,1152,39
20/2/21,West Feliciana,Louisiana,22125,1105,31
20/2/21,Winn,Louisiana,22127,1441,39
20/2/21,Androscoggin,Maine,23001,4684,54
20/2/21,Aroostook,Maine,23003,1254,43
20/2/21,Cumberland,Maine,23005,12197,176
20/2/21,Franklin,Maine,23007,880,10
20/2/21,Hancock,Maine,23009,871,31
20/2/21,Kennebec,Maine,23011,3537,49
20/2/21,Knox,Maine,23013,620,5
20/2/21,Lincoln,Maine,23015,563,1
20/2/21,Oxford,Maine,23017,2152,42
20/2/21,Penobscot,Maine,23019,3759,76
20/2/21,Piscataquis,Maine,23021,244,1
20/2/21,Sagadahoc,Maine,23023,865,1
20/2/21,Somerset,Maine,23025,1229,26
20/2/21,Unknown,Maine,,2,0
20/2/21,Waldo,Maine,23027,572,19
20/2/21,Washington,Maine,23029,698,14
20/2/21,York,Maine,23031,9240,110
20/2/21,Allegany,Maryland,24001,6383,197
20/2/21,Anne Arundel,Maryland,24003,35054,521
20/2/21,Baltimore,Maryland,24005,50011,1247
20/2/21,Baltimore city,Maryland,24510,39806,867
20/2/21,Calvert,Maryland,24009,3612,67
20/2/21,Caroline,Maryland,24011,2016,18
20/2/21,Carroll,Maryland,24013,7428,208
20/2/21,Cecil,Maryland,24015,4973,117
20/2/21,Charles,Maryland,24017,8716,153
20/2/21,Dorchester,Maryland,24019,2288,43
20/2/21,Frederick,Maryland,24021,16668,266
20/2/21,Garrett,Maryland,24023,1834,59
20/2/21,Harford,Maryland,24025,12266,231
20/2/21,Howard,Maryland,24027,15511,216
20/2/21,Kent,Maryland,24029,1106,42
20/2/21,Montgomery,Maryland,24031,62381,1395
20/2/21,Prince George's,Maryland,24033,72022,1303
20/2/21,Queen Anne's,Maryland,24035,2536,38
20/2/21,Somerset,Maryland,24039,2362,30
20/2/21,St. Mary's,Maryland,24037,4984,112
20/2/21,Talbot,Maryland,24041,1844,31
20/2/21,Unknown,Maryland,,0,56
20/2/21,Washington,Maryland,24043,12206,248
20/2/21,Wicomico,Maryland,24045,6685,141
20/2/21,Worcester,Maryland,24047,3227,91
20/2/21,Barnstable,Massachusetts,25001,9763,389
20/2/21,Berkshire,Massachusetts,25003,4794,248
20/2/21,Bristol,Massachusetts,25005,54720,1462
20/2/21,Dukes,Massachusetts,25007,849,0
20/2/21,Essex,Massachusetts,25009,82291,2121
20/2/21,Franklin,Massachusetts,25011,1946,99
20/2/21,Hampden,Massachusetts,25013,40640,1301
20/2/21,Hampshire,Massachusetts,25015,7065,255
20/2/21,Middlesex,Massachusetts,25017,109457,3371
20/2/21,Nantucket,Massachusetts,25019,1150,2
20/2/21,Norfolk,Massachusetts,25021,44228,1593
20/2/21,Plymouth,Massachusetts,25023,39341,1268
20/2/21,Suffolk,Massachusetts,25025,76620,1668
20/2/21,Unknown,Massachusetts,,30920,8
20/2/21,Worcester,Massachusetts,25027,63980,1994
20/2/21,Alcona,Michigan,26001,427,24
20/2/21,Alger,Michigan,26003,581,5
20/2/21,Allegan,Michigan,26005,7211,118
20/2/21,Alpena,Michigan,26007,1466,47
20/2/21,Antrim,Michigan,26009,910,19
20/2/21,Arenac,Michigan,26011,741,24
20/2/21,Baraga,Michigan,26013,772,33
20/2/21,Barry,Michigan,26015,3700,42
20/2/21,Bay,Michigan,26017,7331,283
20/2/21,Benzie,Michigan,26019,904,31
20/2/21,Berrien,Michigan,26021,11383,236
20/2/21,Branch,Michigan,26023,4561,110
20/2/21,Calhoun,Michigan,26025,9423,232
20/2/21,Cass,Michigan,26027,3917,63
20/2/21,Charlevoix,Michigan,26029,1033,13
20/2/21,Cheboygan,Michigan,26031,912,35
20/2/21,Chippewa,Michigan,26033,4806,42
20/2/21,Clare,Michigan,26035,1593,69
20/2/21,Clinton,Michigan,26037,4978,69
20/2/21,Crawford,Michigan,26039,579,5
20/2/21,Delta,Michigan,26041,3110,84
20/2/21,Dickinson,Michigan,26043,2359,69
20/2/21,Eaton,Michigan,26045,6149,151
20/2/21,Emmet,Michigan,26047,1490,38
20/2/21,Genesee,Michigan,26049,25129,750
20/2/21,Gladwin,Michigan,26051,1468,43
20/2/21,Gogebic,Michigan,26053,1248,47
20/2/21,Grand Traverse,Michigan,26055,4173,68
20/2/21,Gratiot,Michigan,26057,5629,105
20/2/21,Hillsdale,Michigan,26059,3296,72
20/2/21,Houghton,Michigan,26061,2604,40
20/2/21,Huron,Michigan,26063,2097,58
20/2/21,Ingham,Michigan,26065,16090,278
20/2/21,Ionia,Michigan,26067,6940,74
20/2/21,Iosco,Michigan,26069,1274,67
20/2/21,Iron,Michigan,26071,926,49
20/2/21,Isabella,Michigan,26073,3983,73
20/2/21,Jackson,Michigan,26075,13962,246
20/2/21,Kalamazoo,Michigan,26077,14739,319
20/2/21,Kalkaska,Michigan,26079,580,15
20/2/21,Kent,Michigan,26081,51155,702
20/2/21,Keweenaw,Michigan,26083,141,2
20/2/21,Lake,Michigan,26085,356,11
20/2/21,Lapeer,Michigan,26087,5433,128
20/2/21,Leelanau,Michigan,26089,851,14
20/2/21,Lenawee,Michigan,26091,7580,126
20/2/21,Livingston,Michigan,26093,10164,139
20/2/21,Luce,Michigan,26095,1072,2
20/2/21,Mackinac,Michigan,26097,433,3
20/2/21,Macomb,Michigan,26099,58439,1954
20/2/21,Manistee,Michigan,26101,1478,23
20/2/21,Marquette,Michigan,26103,4786,56
20/2/21,Mason,Michigan,26105,1227,26
20/2/21,Mecosta,Michigan,26107,1992,19
20/2/21,Menominee,Michigan,26109,1875,37
20/2/21,Midland,Michigan,26111,4905,64
20/2/21,Missaukee,Michigan,26113,740,17
20/2/21,Monroe,Michigan,26115,9614,198
20/2/21,Montcalm,Michigan,26117,5579,92
20/2/21,Montmorency,Michigan,26119,357,17
20/2/21,Muskegon,Michigan,26121,12651,315
20/2/21,Newaygo,Michigan,26123,2788,50
20/2/21,Oakland,Michigan,26125,73744,1977
20/2/21,Oceana,Michigan,26127,1857,50
20/2/21,Ogemaw,Michigan,26129,1111,34
20/2/21,Ontonagon,Michigan,26131,410,20
20/2/21,Osceola,Michigan,26133,1035,23
20/2/21,Oscoda,Michigan,26135,395,19
20/2/21,Otsego,Michigan,26137,1151,25
20/2/21,Ottawa,Michigan,26139,22106,347
20/2/21,Presque Isle,Michigan,26141,649,28
20/2/21,Roscommon,Michigan,26143,1132,32
20/2/21,Saginaw,Michigan,26145,15772,508
20/2/21,Sanilac,Michigan,26151,1995,75
20/2/21,Schoolcraft,Michigan,26153,257,5
20/2/21,Shiawassee,Michigan,26155,3746,78
20/2/21,St. Clair,Michigan,26147,8570,253
20/2/21,St. Joseph,Michigan,26149,4599,84
20/2/21,Tuscola,Michigan,26157,3137,137
20/2/21,Unknown,Michigan,,0,12
20/2/21,Van Buren,Michigan,26159,4930,95
20/2/21,Washtenaw,Michigan,26161,18852,249
20/2/21,Wayne,Michigan,26163,100399,4120
20/2/21,Wexford,Michigan,26165,1422,20
20/2/21,Aitkin,Minnesota,27001,1165,33
20/2/21,Anoka,Minnesota,27003,32859,382
20/2/21,Becker,Minnesota,27005,3046,41
20/2/21,Beltrami,Minnesota,27007,3336,48
20/2/21,Benton,Minnesota,27009,4397,90
20/2/21,Big Stone,Minnesota,27011,506,3
20/2/21,Blue Earth,Minnesota,27013,5811,34
20/2/21,Brown,Minnesota,27015,2382,37
20/2/21,Carlton,Minnesota,27017,2977,43
20/2/21,Carver,Minnesota,27019,7510,40
20/2/21,Cass,Minnesota,27021,2168,24
20/2/21,Chippewa,Minnesota,27023,1355,35
20/2/21,Chisago,Minnesota,27025,4900,44
20/2/21,Clay,Minnesota,27027,6790,84
20/2/21,Clearwater,Minnesota,27029,709,14
20/2/21,Cook,Minnesota,27031,119,0
20/2/21,Cottonwood,Minnesota,27033,1331,20
20/2/21,Crow Wing,Minnesota,27035,5127,80
20/2/21,Dakota,Minnesota,27037,35532,382
20/2/21,Dodge,Minnesota,27039,1505,4
20/2/21,Douglas,Minnesota,27041,3888,68
20/2/21,Faribault,Minnesota,27043,1201,16
20/2/21,Fillmore,Minnesota,27045,1359,8
20/2/21,Freeborn,Minnesota,27047,2749,23
20/2/21,Goodhue,Minnesota,27049,3811,67
20/2/21,Grant,Minnesota,27051,481,8
20/2/21,Hennepin,Minnesota,27053,99189,1576
20/2/21,Houston,Minnesota,27055,1559,14
20/2/21,Hubbard,Minnesota,27057,1593,40
20/2/21,Isanti,Minnesota,27059,3024,51
20/2/21,Itasca,Minnesota,27061,3049,45
20/2/21,Jackson,Minnesota,27063,919,10
20/2/21,Kanabec,Minnesota,27065,1061,19
20/2/21,Kandiyohi,Minnesota,27067,5748,74
20/2/21,Kittson,Minnesota,27069,403,21
20/2/21,Koochiching,Minnesota,27071,616,11
20/2/21,Lac qui Parle,Minnesota,27073,677,16
20/2/21,Lake,Minnesota,27075,718,17
20/2/21,Lake of the Woods,Minnesota,27077,212,1
20/2/21,Le Sueur,Minnesota,27079,2296,20
20/2/21,Lincoln,Minnesota,27081,501,2
20/2/21,Lyon,Minnesota,27083,3111,43
20/2/21,Mahnomen,Minnesota,27087,433,7
20/2/21,Marshall,Minnesota,27089,761,15
20/2/21,Martin,Minnesota,27091,1855,28
20/2/21,McLeod,Minnesota,27085,3354,49
20/2/21,Meeker,Minnesota,27093,2050,34
20/2/21,Mille Lacs,Minnesota,27095,2244,47
20/2/21,Morrison,Minnesota,27097,3205,46
20/2/21,Mower,Minnesota,27099,3979,31
20/2/21,Murray,Minnesota,27101,938,8
20/2/21,Nicollet,Minnesota,27103,2480,41
20/2/21,Nobles,Minnesota,27105,3844,47
20/2/21,Norman,Minnesota,27107,452,8
20/2/21,Olmsted,Minnesota,27109,11633,88
20/2/21,Otter Tail,Minnesota,27111,4769,70
20/2/21,Pennington,Minnesota,27113,1237,16
20/2/21,Pine,Minnesota,27115,2786,16
20/2/21,Pipestone,Minnesota,27117,1006,24
20/2/21,Polk,Minnesota,27119,3400,62
20/2/21,Pope,Minnesota,27121,785,5
20/2/21,Ramsey,Minnesota,27123,42534,794
20/2/21,Red Lake,Minnesota,27125,346,4
20/2/21,Redwood,Minnesota,27127,1457,27
20/2/21,Renville,Minnesota,27129,1467,40
20/2/21,Rice,Minnesota,27131,6629,89
20/2/21,Rock,Minnesota,27133,1151,12
20/2/21,Roseau,Minnesota,27135,1767,17
20/2/21,Scott,Minnesota,27139,13044,104
20/2/21,Sherburne,Minnesota,27141,8625,73
20/2/21,Sibley,Minnesota,27143,1159,9
20/2/21,St. Louis,Minnesota,27137,14600,262
20/2/21,Stearns,Minnesota,27145,18615,200
20/2/21,Steele,Minnesota,27147,2964,11
20/2/21,Stevens,Minnesota,27149,735,8
20/2/21,Swift,Minnesota,27151,871,18
20/2/21,Todd,Minnesota,27153,2419,30
20/2/21,Traverse,Minnesota,27155,300,5
20/2/21,Unknown,Minnesota,,500,68
20/2/21,Wabasha,Minnesota,27157,1847,3
20/2/21,Wadena,Minnesota,27159,1276,20
20/2/21,Waseca,Minnesota,27161,2052,17
20/2/21,Washington,Minnesota,27163,21719,253
20/2/21,Watonwan,Minnesota,27165,1139,8
20/2/21,Wilkin,Minnesota,27167,660,10
20/2/21,Winona,Minnesota,27169,4126,48
20/2/21,Wright,Minnesota,27171,12350,114
20/2/21,Yellow Medicine,Minnesota,27173,972,17
20/2/21,Adams,Mississippi,28001,2316,74
20/2/21,Alcorn,Mississippi,28003,2894,60
20/2/21,Amite,Mississippi,28005,1099,32
20/2/21,Attala,Mississippi,28007,2056,69
20/2/21,Benton,Mississippi,28009,923,24
20/2/21,Bolivar,Mississippi,28011,4550,120
20/2/21,Calhoun,Mississippi,28013,1551,27
20/2/21,Carroll,Mississippi,28015,1169,23
20/2/21,Chickasaw,Mississippi,28017,2001,50
20/2/21,Choctaw,Mississippi,28019,693,16
20/2/21,Claiborne,Mississippi,28021,973,29
20/2/21,Clarke,Mississippi,28023,1670,70
20/2/21,Clay,Mississippi,28025,1768,48
20/2/21,Coahoma,Mississippi,28027,2722,65
20/2/21,Copiah,Mississippi,28029,2727,57
20/2/21,Covington,Mississippi,28031,2452,77
20/2/21,DeSoto,Mississippi,28033,19389,226
20/2/21,Forrest,Mississippi,28035,6989,135
20/2/21,Franklin,Mississippi,28037,750,19
20/2/21,George,Mississippi,28039,2293,45
20/2/21,Greene,Mississippi,28041,1259,33
20/2/21,Grenada,Mississippi,28043,2439,75
20/2/21,Hancock,Mississippi,28045,3363,73
20/2/21,Harrison,Mississippi,28047,16315,269
20/2/21,Hinds,Mississippi,28049,18528,382
20/2/21,Holmes,Mississippi,28051,1803,69
20/2/21,Humphreys,Mississippi,28053,909,26
20/2/21,Issaquena,Mississippi,28055,167,6
20/2/21,Itawamba,Mississippi,28057,2879,71
20/2/21,Jackson,Mississippi,28059,12353,216
20/2/21,Jasper,Mississippi,28061,2099,42
20/2/21,Jefferson,Mississippi,28063,607,27
20/2/21,Jefferson Davis,Mississippi,28065,993,31
20/2/21,Jones,Mississippi,28067,7790,142
20/2/21,Kemper,Mississippi,28069,888,22
20/2/21,Lafayette,Mississippi,28071,5679,113
20/2/21,Lamar,Mississippi,28073,5762,79
20/2/21,Lauderdale,Mississippi,28075,6725,224
20/2/21,Lawrence,Mississippi,28077,1180,20
20/2/21,Leake,Mississippi,28079,2505,70
20/2/21,Lee,Mississippi,28081,9618,160
20/2/21,Leflore,Mississippi,28083,3333,117
20/2/21,Lincoln,Mississippi,28085,3416,99
20/2/21,Lowndes,Mississippi,28087,5963,137
20/2/21,Madison,Mississippi,28089,9336,190
20/2/21,Marion,Mississippi,28091,2493,78
20/2/21,Marshall,Mississippi,28093,3953,92
20/2/21,Monroe,Mississippi,28095,3963,125
20/2/21,Montgomery,Mississippi,28097,1201,37
20/2/21,Neshoba,Mississippi,28099,3734,165
20/2/21,Newton,Mississippi,28101,2207,51
20/2/21,Noxubee,Mississippi,28103,1220,29
20/2/21,Oktibbeha,Mississippi,28105,4374,90
20/2/21,Panola,Mississippi,28107,4232,92
20/2/21,Pearl River,Mississippi,28109,4036,127
20/2/21,Perry,Mississippi,28111,1176,33
20/2/21,Pike,Mississippi,28113,2963,91
20/2/21,Pontotoc,Mississippi,28115,4051,66
20/2/21,Prentiss,Mississippi,28117,2670,58
20/2/21,Quitman,Mississippi,28119,766,14
20/2/21,Rankin,Mississippi,28121,12478,258
20/2/21,Scott,Mississippi,28123,2900,66
20/2/21,Sharkey,Mississippi,28125,488,17
20/2/21,Simpson,Mississippi,28127,2647,78
20/2/21,Smith,Mississippi,28129,1498,30
20/2/21,Stone,Mississippi,28131,1702,29
20/2/21,Sunflower,Mississippi,28133,3150,85
20/2/21,Tallahatchie,Mississippi,28135,1687,39
20/2/21,Tate,Mississippi,28137,2977,72
20/2/21,Tippah,Mississippi,28139,2740,64
20/2/21,Tishomingo,Mississippi,28141,2100,65
20/2/21,Tunica,Mississippi,28143,971,23
20/2/21,Union,Mississippi,28145,3901,72
20/2/21,Walthall,Mississippi,28147,1230,40
20/2/21,Warren,Mississippi,28149,4083,113
20/2/21,Washington,Mississippi,28151,5122,128
20/2/21,Wayne,Mississippi,28153,2497,40
20/2/21,Webster,Mississippi,28155,1081,29
20/2/21,Wilkinson,Mississippi,28157,619,26
20/2/21,Winston,Mississippi,28159,2197,74
20/2/21,Yalobusha,Mississippi,28161,1417,36
20/2/21,Yazoo,Mississippi,28163,2824,62
20/2/21,Adair,Missouri,29001,2286,20
20/2/21,Andrew,Missouri,29003,1279,17
20/2/21,Atchison,Missouri,29005,290,6
20/2/21,Audrain,Missouri,29007,2066,57
20/2/21,Barry,Missouri,29009,2175,44
20/2/21,Barton,Missouri,29011,955,12
20/2/21,Bates,Missouri,29013,1069,22
20/2/21,Benton,Missouri,29015,1443,25
20/2/21,Bollinger,Missouri,29017,1051,12
20/2/21,Boone,Missouri,29019,17275,77
20/2/21,Buchanan,Missouri,29021,9976,162
20/2/21,Butler,Missouri,29023,3419,33
20/2/21,Caldwell,Missouri,29025,639,10
20/2/21,Callaway,Missouri,29027,4451,43
20/2/21,Camden,Missouri,29029,3698,80
20/2/21,Cape Girardeau,Missouri,29031,9250,132
20/2/21,Carroll,Missouri,29033,832,22
20/2/21,Carter,Missouri,29035,417,8
20/2/21,Cass,Missouri,29037,7163,84
20/2/21,Cedar,Missouri,29039,666,17
20/2/21,Chariton,Missouri,29041,415,6
20/2/21,Christian,Missouri,29043,8375,75
20/2/21,Clark,Missouri,29045,469,6
20/2/21,Clay,Missouri,29047,9386,143
20/2/21,Clinton,Missouri,29049,1519,64
20/2/21,Cole,Missouri,29051,8549,114
20/2/21,Cooper,Missouri,29053,1684,24
20/2/21,Crawford,Missouri,29055,2034,29
20/2/21,Dade,Missouri,29057,704,30
20/2/21,Dallas,Missouri,29059,818,22
20/2/21,Daviess,Missouri,29061,585,11
20/2/21,DeKalb,Missouri,29063,916,26
20/2/21,Dent,Missouri,29065,816,16
20/2/21,Douglas,Missouri,29067,765,23
20/2/21,Dunklin,Missouri,29069,2403,17
20/2/21,Franklin,Missouri,29071,8348,153
20/2/21,Gasconade,Missouri,29073,872,38
20/2/21,Gentry,Missouri,29075,733,20
20/2/21,Greene,Missouri,29077,27276,416
20/2/21,Grundy,Missouri,29079,827,34
20/2/21,Harrison,Missouri,29081,826,14
20/2/21,Henry,Missouri,29083,1726,36
20/2/21,Hickory,Missouri,29085,466,13
20/2/21,Holt,Missouri,29087,366,10
20/2/21,Howard,Missouri,29089,711,5
20/2/21,Howell,Missouri,29091,2790,42
20/2/21,Iron,Missouri,29093,464,5
20/2/21,Jackson,Missouri,29095,29845,370
20/2/21,Jasper,Missouri,29097,7361,114
20/2/21,Jefferson,Missouri,29099,21405,204
20/2/21,Johnson,Missouri,29101,3840,43
20/2/21,Joplin,Missouri,,4748,100
20/2/21,Kansas City,Missouri,,36524,496
20/2/21,Knox,Missouri,29103,176,2
20/2/21,Laclede,Missouri,29105,2908,64
20/2/21,Lafayette,Missouri,29107,2527,53
20/2/21,Lawrence,Missouri,29109,2741,71
20/2/21,Lewis,Missouri,29111,628,5
20/2/21,Lincoln,Missouri,29113,4264,32
20/2/21,Linn,Missouri,29115,540,11
20/2/21,Livingston,Missouri,29117,1322,36
20/2/21,Macon,Missouri,29121,1200,13
20/2/21,Madison,Missouri,29123,1342,16
20/2/21,Maries,Missouri,29125,533,7
20/2/21,Marion,Missouri,29127,2639,41
20/2/21,McDonald,Missouri,29119,2434,31
20/2/21,Mercer,Missouri,29129,177,2