"date","county","state","fips","cases","deaths"
"2/20/2021","Autauga","Alabama","1001","6092","85"
"2/20/2021","Baldwin","Alabama","1003","19392","262"
"2/20/2021","Barbour","Alabama","1005","2067","50"
"2/20/2021","Bibb","Alabama","1007","2414","58"
"2/20/2021","Blount","Alabama","1009","6040","125"
"2/20/2021","Bullock","Alabama","1011","1149","33"
"2/20/2021","Butler","Alabama","1013","1938","64"
"2/20/2021","Calhoun","Alabama","1015","12915","278"
"2/20/2021","Chambers","Alabama","1017","3364","99"
"2/20/2021","Cherokee","Alabama","1019","1753","37"
"2/20/2021","Chilton","Alabama","1021","3777","93"
"2/20/2021","Choctaw","Alabama","1023","546","23"
"2/20/2021","Clarke","Alabama","1025","3418","48"
"2/20/2021","Clay","Alabama","1027","1416","54"
"2/20/2021","Cleburne","Alabama","1029","1351","38"
"2/20/2021","Coffee","Alabama","1031","5198","96"
"2/20/2021","Colbert","Alabama","1033","5965","117"
"2/20/2021","Conecuh","Alabama","1035","1064","23"
"2/20/2021","Coosa","Alabama","1037","858","23"
"2/20/2021","Covington","Alabama","1039","3896","102"
"2/20/2021","Crenshaw","Alabama","1041","1421","52"
"2/20/2021","Cullman","Alabama","1043","8822","175"
"2/20/2021","Dale","Alabama","1045","4587","106"
"2/20/2021","Dallas","Alabama","1047","3328","138"
"2/20/2021","DeKalb","Alabama","1049","8399","173"
"2/20/2021","Elmore","Alabama","1051","9228","178"
"2/20/2021","Escambia","Alabama","1053","3740","68"
"2/20/2021","Etowah","Alabama","1055","13042","307"
"2/20/2021","Fayette","Alabama","1057","1982","54"
"2/20/2021","Franklin","Alabama","1059","3954","75"
"2/20/2021","Geneva","Alabama","1061","2370","67"
"2/20/2021","Greene","Alabama","1063","863","32"
"2/20/2021","Hale","Alabama","1065","2057","64"
"2/20/2021","Henry","Alabama","1067","1801","41"
"2/20/2021","Houston","Alabama","1069","9991","255"
"2/20/2021","Jackson","Alabama","1071","6428","99"
"2/20/2021","Jefferson","Alabama","1073","70078","1334"
"2/20/2021","Lamar","Alabama","1075","1292","32"
"2/20/2021","Lauderdale","Alabama","1077","8515","208"
"2/20/2021","Lawrence","Alabama","1079","2794","85"
"2/20/2021","Lee","Alabama","1081","14779","146"
"2/20/2021","Limestone","Alabama","1083","9253","130"
"2/20/2021","Lowndes","Alabama","1085","1298","46"
"2/20/2021","Macon","Alabama","1087","1392","43"
"2/20/2021","Madison","Alabama","1089","31869","432"
"2/20/2021","Marengo","Alabama","1091","2303","54"
"2/20/2021","Marion","Alabama","1093","2729","92"
"2/20/2021","Marshall","Alabama","1095","11165","199"
"2/20/2021","Mobile","Alabama","1097","35289","705"
"2/20/2021","Monroe","Alabama","1099","1652","38"
"2/20/2021","Montgomery","Alabama","1101","22234","481"
"2/20/2021","Morgan","Alabama","1103","13468","241"
"2/20/2021","Perry","Alabama","1105","1045","27"
"2/20/2021","Pickens","Alabama","1107","2211","53"
"2/20/2021","Pike","Alabama","1109","2907","70"
"2/20/2021","Randolph","Alabama","1111","1602","40"
"2/20/2021","Russell","Alabama","1113","3984","30"
"2/20/2021","Shelby","Alabama","1117","21565","204"
"2/20/2021","St. Clair","Alabama","1115","8705","213"
"2/20/2021","Sumter","Alabama","1119","977","31"
"2/20/2021","Talladega","Alabama","1121","7391","161"
"2/20/2021","Tallapoosa","Alabama","1123","3504","139"
"2/20/2021","Tuscaloosa","Alabama","1125","23737","404"
"2/20/2021","Walker","Alabama","1127","6443","240"
"2/20/2021","Washington","Alabama","1129","1542","32"
"2/20/2021","Wilcox","Alabama","1131","1200","25"
"2/20/2021","Winston","Alabama","1133","2437","63"
"2/20/2021","Aleutians East Borough","Alaska","2013","355","1"
"2/20/2021","Aleutians West Census Area","Alaska","2016","489","0"
"2/20/2021","Anchorage","Alaska","2020","26184","151"
"2/20/2021","Bethel Census Area","Alaska","2050","3527","18"
"2/20/2021","Bristol Bay plus Lake and Peninsula","Alaska","2997","176","0"
"2/20/2021","Denali Borough","Alaska","2068","68","0"
"2/20/2021","Dillingham Census Area","Alaska","2070","196","1"
"2/20/2021","Fairbanks North Star Borough","Alaska","2090","6058","26"
"2/20/2021","Haines Borough","Alaska","2100","24","0"
"2/20/2021","Juneau City and Borough","Alaska","2110","1192","3"
"2/20/2021","Kenai Peninsula Borough","Alaska","2122","3942","19"
"2/20/2021","Ketchikan Gateway Borough","Alaska","2130","330","2"
"2/20/2021","Kodiak Island Borough","Alaska","2150","1051","5"
"2/20/2021","Kusilvak Census Area","Alaska","2158","1186","3"
"2/20/2021","Matanuska-Susitna Borough","Alaska","2170","8284","33"
"2/20/2021","Nome Census Area","Alaska","2180","322","0"
"2/20/2021","North Slope Borough","Alaska","2185","998","4"
"2/20/2021","Northwest Arctic Borough","Alaska","2188","584","1"
"2/20/2021","Petersburg Borough","Alaska","2195","48","0"
"2/20/2021","Prince of Wales-Hyder Census Area","Alaska","2198","70","1"
"2/20/2021","Sitka City and Borough","Alaska","2220","303","0"
"2/20/2021","Skagway Municipality","Alaska","2230","18","0"
"2/20/2021","Southeast Fairbanks Census Area","Alaska","2240","443","3"
"2/20/2021","Valdez-Cordova Census Area","Alaska","2261","461","2"
"2/20/2021","Wrangell City and Borough","Alaska","2275","26","0"
"2/20/2021","Yakutat plus Hoonah-Angoon","Alaska","2998","64","1"
"2/20/2021","Yukon-Koyukuk Census Area","Alaska","2290","327","4"
"2/20/2021","Apache","Arizona","4001","10244","365"
"2/20/2021","Cochise","Arizona","4003","10980","260"
"2/20/2021","Coconino","Arizona","4005","16209","306"
"2/20/2021","Gila","Arizona","4007","6342","209"
"2/20/2021","Graham","Arizona","4009","5251","71"
"2/20/2021","Greenlee","Arizona","4011","551","8"
"2/20/2021","La Paz","Arizona","4012","2379","69"
"2/20/2021","Maricopa","Arizona","4013","504383","8816"
"2/20/2021","Mohave","Arizona","4015","20812","625"
"2/20/2021","Navajo","Arizona","4017","15448","478"
"2/20/2021","Pima","Arizona","4019","108094","2146"
"2/20/2021","Pinal","Arizona","4021","45434","742"
"2/20/2021","Santa Cruz","Arizona","4023","7609","167"
"2/20/2021","Yavapai","Arizona","4025","17175","448"
"2/20/2021","Yuma","Arizona","4027","36252","770"
"2/20/2021","Arkansas","Arkansas","5001","1941","38"
"2/20/2021","Ashley","Arkansas","5003","1742","33"
"2/20/2021","Baxter","Arkansas","5005","2777","96"
"2/20/2021","Benton","Arkansas","5007","26679","383"
"2/20/2021","Boone","Arkansas","5009","3580","78"
"2/20/2021","Bradley","Arkansas","5011","1316","31"
"2/20/2021","Calhoun","Arkansas","5013","387","3"
"2/20/2021","Carroll","Arkansas","5015","2709","41"
"2/20/2021","Chicot","Arkansas","5017","1583","40"
"2/20/2021","Clark","Arkansas","5019","1990","36"
"2/20/2021","Clay","Arkansas","5021","1661","46"
"2/20/2021","Cleburne","Arkansas","5023","1863","67"
"2/20/2021","Cleveland","Arkansas","5025","910","23"
"2/20/2021","Columbia","Arkansas","5027","2099","53"
"2/20/2021","Conway","Arkansas","5029","2129","31"
"2/20/2021","Craighead","Arkansas","5031","12674","177"
"2/20/2021","Crawford","Arkansas","5033","6687","104"
"2/20/2021","Crittenden","Arkansas","5035","5624","94"
"2/20/2021","Cross","Arkansas","5037","1889","47"
"2/20/2021","Dallas","Arkansas","5039","713","12"
"2/20/2021","Desha","Arkansas","5041","1304","21"
"2/20/2021","Drew","Arkansas","5043","1942","35"
"2/20/2021","Faulkner","Arkansas","5045","11550","150"
"2/20/2021","Franklin","Arkansas","5047","1601","33"
"2/20/2021","Fulton","Arkansas","5049","1057","44"
"2/20/2021","Garland","Arkansas","5051","9467","231"
"2/20/2021","Grant","Arkansas","5053","1535","32"
"2/20/2021","Greene","Arkansas","5055","5765","74"
"2/20/2021","Hempstead","Arkansas","5057","1794","18"
"2/20/2021","Hot Spring","Arkansas","5059","4711","68"
"2/20/2021","Howard","Arkansas","5061","1505","24"
"2/20/2021","Independence","Arkansas","5063","3644","120"
"2/20/2021","Izard","Arkansas","5065","1640","39"
"2/20/2021","Jackson","Arkansas","5067","3128","33"
"2/20/2021","Jefferson","Arkansas","5069","8514","163"
"2/20/2021","Johnson","Arkansas","5071","2681","31"
"2/20/2021","Lafayette","Arkansas","5073","493","7"
"2/20/2021","Lawrence","Arkansas","5075","1994","41"
"2/20/2021","Lee","Arkansas","5077","1632","35"
"2/20/2021","Lincoln","Arkansas","5079","3127","42"
"2/20/2021","Little River","Arkansas","5081","1117","40"
"2/20/2021","Logan","Arkansas","5083","2154","18"
"2/20/2021","Lonoke","Arkansas","5085","6652","108"
"2/20/2021","Madison","Arkansas","5087","1396","21"
"2/20/2021","Marion","Arkansas","5089","924","30"
"2/20/2021","Miller","Arkansas","5091","3734","33"
"2/20/2021","Mississippi","Arkansas","5093","5512","112"
"2/20/2021","Monroe","Arkansas","5095","822","17"
"2/20/2021","Montgomery","Arkansas","5097","719","28"
"2/20/2021","Nevada","Arkansas","5099","763","24"
"2/20/2021","Newton","Arkansas","5101","679","26"
"2/20/2021","Ouachita","Arkansas","5103","2133","50"
"2/20/2021","Perry","Arkansas","5105","788","8"
"2/20/2021","Phillips","Arkansas","5107","1672","33"
"2/20/2021","Pike","Arkansas","5109","947","22"
"2/20/2021","Poinsett","Arkansas","5111","3052","75"
"2/20/2021","Polk","Arkansas","5113","1854","62"
"2/20/2021","Pope","Arkansas","5115","7605","101"
"2/20/2021","Prairie","Arkansas","5117","857","24"
"2/20/2021","Pulaski","Arkansas","5119","36641","571"
"2/20/2021","Randolph","Arkansas","5121","1921","49"
"2/20/2021","Saline","Arkansas","5125","11247","162"
"2/20/2021","Scott","Arkansas","5127","924","14"
"2/20/2021","Searcy","Arkansas","5129","641","15"
"2/20/2021","Sebastian","Arkansas","5131","14393","258"
"2/20/2021","Sevier","Arkansas","5133","2558","28"
"2/20/2021","Sharp","Arkansas","5135","1511","50"
"2/20/2021","St. Francis","Arkansas","5123","3412","37"
"2/20/2021","Stone","Arkansas","5137","950","30"
"2/20/2021","Union","Arkansas","5139","3612","100"
"2/20/2021","Van Buren","Arkansas","5141","1152","17"
"2/20/2021","Washington","Arkansas","5143","29053","329"
"2/20/2021","White","Arkansas","5145","7055","105"
"2/20/2021","Woodruff","Arkansas","5147","611","10"
"2/20/2021","Yell","Arkansas","5149","3313","67"
"2/20/2021","Alameda","California","6001","79492","1175"
"2/20/2021","Alpine","California","6003","77","0"
"2/20/2021","Amador","California","6005","3426","39"
"2/20/2021","Butte","California","6007","10823","156"
"2/20/2021","Calaveras","California","6009","1856","25"
"2/20/2021","Colusa","California","6011","2117","13"
"2/20/2021","Contra Costa","California","6013","61469","654"
"2/20/2021","Del Norte","California","6015","959","5"
"2/20/2021","El Dorado","California","6017","8882","93"
"2/20/2021","Fresno","California","6019","93973","1367"
"2/20/2021","Glenn","California","6021","2664","23"
"2/20/2021","Humboldt","California","6023","3067","32"
"2/20/2021","Imperial","California","6025","26840","583"
"2/20/2021","Inyo","California","6027","1212","34"
"2/20/2021","Kern","California","6029","101613","761"
"2/20/2021","Kings","California","6031","21853","214"
"2/20/2021","Lake","California","6033","3078","40"
"2/20/2021","Lassen","California","6035","5558","19"
"2/20/2021","Los Angeles","California","6037","1179633","19793"
"2/20/2021","Madera","California","6039","15222","201"
"2/20/2021","Marin","California","6041","12919","194"
"2/20/2021","Mariposa","California","6043","389","7"
"2/20/2021","Mendocino","California","6045","3781","43"
"2/20/2021","Merced","California","6047","28489","388"
"2/20/2021","Modoc","California","6049","446","4"
"2/20/2021","Mono","California","6051","1186","4"
"2/20/2021","Monterey","California","6053","41884","315"
"2/20/2021","Napa","California","6055","8900","67"
"2/20/2021","Nevada","California","6057","3863","74"
"2/20/2021","Orange","California","6059","258991","3770"
"2/20/2021","Placer","California","6061","19520","229"
"2/20/2021","Plumas","California","6063","624","6"
"2/20/2021","Riverside","California","6065","287534","3633"
"2/20/2021","Sacramento","California","6067","91814","1431"
"2/20/2021","San Benito","California","6069","5699","57"
"2/20/2021","San Bernardino","California","6071","284280","2557"
"2/20/2021","San Diego","California","6073","256576","3188"
"2/20/2021","San Francisco","California","6075","33749","394"
"2/20/2021","San Joaquin","California","6077","65891","1026"
"2/20/2021","San Luis Obispo","California","6079","19340","217"
"2/20/2021","San Mateo","California","6081","38256","497"
"2/20/2021","Santa Barbara","California","6083","31432","394"
"2/20/2021","Santa Clara","California","6085","108800","1729"
"2/20/2021","Santa Cruz","California","6087","14438","172"
"2/20/2021","Shasta","California","6089","10868","172"
"2/20/2021","Sierra","California","6091","47","0"
"2/20/2021","Siskiyou","California","6093","1701","13"
"2/20/2021","Solano","California","6095","29771","161"
"2/20/2021","Sonoma","California","6097","27606","291"
"2/20/2021","Stanislaus","California","6099","55081","926"
"2/20/2021","Sutter","California","6101","8766","94"
"2/20/2021","Tehama","California","6103","4535","51"
"2/20/2021","Trinity","California","6105","283","5"
"2/20/2021","Tulare","California","6107","47399","720"
"2/20/2021","Tuolumne","California","6109","3870","56"
"2/20/2021","Ventura","California","6111","76582","782"
"2/20/2021","Yolo","California","6113","12606","181"
"2/20/2021","Yuba","California","6115","5681","36"
"2/20/2021","Adams","Colorado","8001","48525","626"
"2/20/2021","Alamosa","Colorado","8003","1252","28"
"2/20/2021","Arapahoe","Colorado","8005","48494","688"
"2/20/2021","Archuleta","Colorado","8007","629","1"
"2/20/2021","Baca","Colorado","8009","270","4"
"2/20/2021","Bent","Colorado","8011","1469","21"
"2/20/2021","Boulder","Colorado","8013","18560","245"
"2/20/2021","Broomfield","Colorado","8014","3646","74"
"2/20/2021","Chaffee","Colorado","8015","1411","23"
"2/20/2021","Cheyenne","Colorado","8017","125","5"
"2/20/2021","Clear Creek","Colorado","8019","356","2"
"2/20/2021","Conejos","Colorado","8021","430","7"
"2/20/2021","Costilla","Colorado","8023","178","2"
"2/20/2021","Crowley","Colorado","8025","1957","14"
"2/20/2021","Custer","Colorado","8027","164","1"
"2/20/2021","Delta","Colorado","8029","2437","58"
"2/20/2021","Denver","Colorado","8031","58432","765"
"2/20/2021","Dolores","Colorado","8033","67","0"
"2/20/2021","Douglas","Colorado","8035","21225","230"
"2/20/2021","Eagle","Colorado","8037","4878","20"
"2/20/2021","El Paso","Colorado","8041","50831","741"
"2/20/2021","Elbert","Colorado","8039","1251","12"
"2/20/2021","Fremont","Colorado","8043","5397","48"
"2/20/2021","Garfield","Colorado","8045","5017","38"
"2/20/2021","Gilpin","Colorado","8047","164","3"
"2/20/2021","Grand","Colorado","8049","1234","5"
"2/20/2021","Gunnison","Colorado","8051","1182","6"
"2/20/2021","Hinsdale","Colorado","8053","17","0"
"2/20/2021","Huerfano","Colorado","8055","300","17"
"2/20/2021","Jackson","Colorado","8057","51","0"
"2/20/2021","Jefferson","Colorado","8059","36435","705"
"2/20/2021","Kiowa","Colorado","8061","91","3"
"2/20/2021","Kit Carson","Colorado","8063","524","10"
"2/20/2021","La Plata","Colorado","8067","2876","36"
"2/20/2021","Lake","Colorado","8065","651","0"
"2/20/2021","Larimer","Colorado","8069","19494","218"
"2/20/2021","Las Animas","Colorado","8071","982","11"
"2/20/2021","Lincoln","Colorado","8073","996","3"
"2/20/2021","Logan","Colorado","8075","3704","63"
"2/20/2021","Mesa","Colorado","8077","13062","190"
"2/20/2021","Mineral","Colorado","8079","61","1"
"2/20/2021","Moffat","Colorado","8081","656","22"
"2/20/2021","Montezuma","Colorado","8083","1700","22"
"2/20/2021","Montrose","Colorado","8085","3186","52"
"2/20/2021","Morgan","Colorado","8087","2412","90"
"2/20/2021","Otero","Colorado","8089","1836","61"
"2/20/2021","Ouray","Colorado","8091","243","3"
"2/20/2021","Park","Colorado","8093","537","5"
"2/20/2021","Phillips","Colorado","8095","333","12"
"2/20/2021","Pitkin","Colorado","8097","1939","4"
"2/20/2021","Prowers","Colorado","8099","1157","21"
"2/20/2021","Pueblo","Colorado","8101","14874","362"
"2/20/2021","Rio Blanco","Colorado","8103","455","3"
"2/20/2021","Rio Grande","Colorado","8105","680","12"
"2/20/2021","Routt","Colorado","8107","1823","19"
"2/20/2021","Saguache","Colorado","8109","312","4"
"2/20/2021","San Juan","Colorado","8111","41","0"
"2/20/2021","San Miguel","Colorado","8113","801","0"
"2/20/2021","Sedgwick","Colorado","8115","191","2"
"2/20/2021","Summit","Colorado","8117","2948","7"
"2/20/2021","Teller","Colorado","8119","1242","14"
"2/20/2021","Washington","Colorado","8121","377","12"
"2/20/2021","Weld","Colorado","8123","24974","316"
"2/20/2021","Yuma","Colorado","8125","698","17"
"2/20/2021","Fairfield","Connecticut","9001","78181","2027"
"2/20/2021","Hartford","Connecticut","9003","68527","2251"
"2/20/2021","Litchfield","Connecticut","9005","10835","270"
"2/20/2021","Middlesex","Connecticut","9007","10113","337"
"2/20/2021","New Haven","Connecticut","9009","69233","1891"
"2/20/2021","New London","Connecticut","9011","18635","403"
"2/20/2021","Tolland","Connecticut","9013","7612","159"
"2/20/2021","Windham","Connecticut","9015","9028","176"
"2/20/2021","Kent","Delaware","10001","14042","287"
"2/20/2021","New Castle","Delaware","10003","48047","659"
"2/20/2021","Sussex","Delaware","10005","22253","420"
"2/20/2021","District of Columbia","District of Columbia","11001","39553","994"
"2/20/2021","Alachua","Florida","12001","22102","208"
"2/20/2021","Baker","Florida","12003","3261","54"
"2/20/2021","Bay","Florida","12005","18223","333"
"2/20/2021","Bradford","Florida","12007","2809","49"
"2/20/2021","Brevard","Florida","12009","32855","722"
"2/20/2021","Broward","Florida","12011","189125","2324"
"2/20/2021","Calhoun","Florida","12013","1601","39"
"2/20/2021","Charlotte","Florida","12015","10497","348"
"2/20/2021","Citrus","Florida","12017","9551","382"
"2/20/2021","Clay","Florida","12019","16500","297"
"2/20/2021","Collier","Florida","12021","29652","440"
"2/20/2021","Columbia","Florida","12023","7585","154"
"2/20/2021","DeSoto","Florida","12027","3669","72"
"2/20/2021","Dixie","Florida","12029","1457","19"
"2/20/2021","Duval","Florida","12031","87486","1077"
"2/20/2021","Escambia","Florida","12033","33158","608"
"2/20/2021","Flagler","Florida","12035","5762","86"
"2/20/2021","Franklin","Florida","12037","1273","13"
"2/20/2021","Gadsden","Florida","12039","5370","81"
"2/20/2021","Gilchrist","Florida","12041","1384","31"
"2/20/2021","Glades","Florida","12043","893","15"
"2/20/2021","Gulf","Florida","12045","1839","36"
"2/20/2021","Hamilton","Florida","12047","1553","21"
"2/20/2021","Hardee","Florida","12049","2756","28"
"2/20/2021","Hendry","Florida","12051","4252","67"
"2/20/2021","Hernando","Florida","12053","10957","389"
"2/20/2021","Highlands","Florida","12055","7087","297"
"2/20/2021","Hillsborough","Florida","12057","108648","1448"
"2/20/2021","Holmes","Florida","12059","2160","43"
"2/20/2021","Indian River","Florida","12061","10739","256"
"2/20/2021","Jackson","Florida","12063","5860","146"
"2/20/2021","Jefferson","Florida","12065","1390","22"
"2/20/2021","Lafayette","Florida","12067","1578","24"
"2/20/2021","Lake","Florida","12069","23903","541"
"2/20/2021","Lee","Florida","12071","56491","865"
"2/20/2021","Leon","Florida","12073","28602","272"
"2/20/2021","Levy","Florida","12075","2804","32"
"2/20/2021","Liberty","Florida","12077","1036","14"
"2/20/2021","Madison","Florida","12079","1956","39"
"2/20/2021","Manatee","Florida","12081","31024","575"
"2/20/2021","Marion","Florida","12083","26933","735"
"2/20/2021","Martin","Florida","12085","10300","273"
"2/20/2021","Miami-Dade","Florida","12086","401136","5280"
"2/20/2021","Monroe","Florida","12087","5675","44"
"2/20/2021","Nassau","Florida","12089","7579","107"
"2/20/2021","Okaloosa","Florida","12091","18322","319"
"2/20/2021","Okeechobee","Florida","12093","3499","70"
"2/20/2021","Orange","Florida","12095","111577","1070"
"2/20/2021","Osceola","Florida","12097","35997","425"
"2/20/2021","Palm Beach","Florida","12099","117229","2394"
"2/20/2021","Pasco","Florida","12101","32440","631"
"2/20/2021","Pinellas","Florida","12103","64785","1414"
"2/20/2021","Polk","Florida","12105","55694","1107"
"2/20/2021","Putnam","Florida","12107","5775","119"
"2/20/2021","Santa Rosa","Florida","12113","16760","250"
"2/20/2021","Sarasota","Florida","12115","26454","715"
"2/20/2021","Seminole","Florida","12117","26534","411"
"2/20/2021","St. Johns","Florida","12109","19799","185"
"2/20/2021","St. Lucie","Florida","12111","21480","527"
"2/20/2021","Sumter","Florida","12119","7747","226"
"2/20/2021","Suwannee","Florida","12121","5077","125"
"2/20/2021","Taylor","Florida","12123","2608","41"
"2/20/2021","Union","Florida","12125","1727","70"
"2/20/2021","Volusia","Florida","12127","33681","633"
"2/20/2021","Wakulla","Florida","12129","3136","51"
"2/20/2021","Walton","Florida","12131","6897","82"
"2/20/2021","Washington","Florida","12133","2595","41"
"2/20/2021","Appling","Georgia","13001","2170","60"
"2/20/2021","Atkinson","Georgia","13003","975","17"
"2/20/2021","Bacon","Georgia","13005","1354","33"
"2/20/2021","Baker","Georgia","13007","216","7"
"2/20/2021","Baldwin","Georgia","13009","4218","107"
"2/20/2021","Banks","Georgia","13011","1684","31"
"2/20/2021","Barrow","Georgia","13013","8725","114"
"2/20/2021","Bartow","Georgia","13015","12643","192"
"2/20/2021","Ben Hill","Georgia","13017","2019","73"
"2/20/2021","Berrien","Georgia","13019","1668","40"
"2/20/2021","Bibb","Georgia","13021","14574","368"
"2/20/2021","Bleckley","Georgia","13023","1415","48"
"2/20/2021","Brantley","Georgia","13025","1496","29"
"2/20/2021","Brooks","Georgia","13027","1261","43"
"2/20/2021","Bryan","Georgia","13029","3099","31"
"2/20/2021","Bulloch","Georgia","13031","6301","86"
"2/20/2021","Burke","Georgia","13033","2347","51"
"2/20/2021","Butts","Georgia","13035","2599","71"
"2/20/2021","Calhoun","Georgia","13037","563","14"
"2/20/2021","Camden","Georgia","13039","3628","30"
"2/20/2021","Candler","Georgia","13043","900","54"
"2/20/2021","Carroll","Georgia","13045","10347","200"
"2/20/2021","Catoosa","Georgia","13047","5460","62"
"2/20/2021","Charlton","Georgia","13049","1297","26"
"2/20/2021","Chatham","Georgia","13051","20302","358"
"2/20/2021","Chattahoochee","Georgia","13053","3039","11"
"2/20/2021","Chattooga","Georgia","13055","2542","64"
"2/20/2021","Cherokee","Georgia","13057","26662","252"
"2/20/2021","Clarke","Georgia","13059","13910","110"
"2/20/2021","Clay","Georgia","13061","228","3"
"2/20/2021","Clayton","Georgia","13063","22584","374"
"2/20/2021","Clinch","Georgia","13065","903","22"
"2/20/2021","Cobb","Georgia","13067","68217","881"
"2/20/2021","Coffee","Georgia","13069","5147","148"
"2/20/2021","Colquitt","Georgia","13071","4324","96"
"2/20/2021","Columbia","Georgia","13073","15444","184"
"2/20/2021","Cook","Georgia","13075","1674","37"
"2/20/2021","Coweta","Georgia","13077","12493","155"
"2/20/2021","Crawford","Georgia","13079","614","15"
"2/20/2021","Crisp","Georgia","13081","1905","58"
"2/20/2021","Dade","Georgia","13083","1248","10"
"2/20/2021","Dawson","Georgia","13085","2780","35"
"2/20/2021","DeKalb","Georgia","13089","55808","790"
"2/20/2021","Decatur","Georgia","13087","2710","64"
"2/20/2021","Dodge","Georgia","13091","2081","95"
"2/20/2021","Dooly","Georgia","13093","976","39"
"2/20/2021","Dougherty","Georgia","13095","7003","276"
"2/20/2021","Douglas","Georgia","13097","13109","175"
"2/20/2021","Early","Georgia","13099","1110","44"
"2/20/2021","Echols","Georgia","13101","450","6"
"2/20/2021","Effingham","Georgia","13103","4087","56"
"2/20/2021","Elbert","Georgia","13105","2197","57"
"2/20/2021","Emanuel","Georgia","13107","2424","77"
"2/20/2021","Evans","Georgia","13109","894","20"
"2/20/2021","Fannin","Georgia","13111","2146","60"
"2/20/2021","Fayette","Georgia","13113","7691","137"
"2/20/2021","Floyd","Georgia","13115","10770","189"
"2/20/2021","Forsyth","Georgia","13117","19550","144"
"2/20/2021","Franklin","Georgia","13119","2515","42"
"2/20/2021","Fulton","Georgia","13121","83521","1092"
"2/20/2021","Gilmer","Georgia","13123","2744","70"
"2/20/2021","Glascock","Georgia","13125","248","16"
"2/20/2021","Glynn","Georgia","13127","7452","157"
"2/20/2021","Gordon","Georgia","13129","7265","99"
"2/20/2021","Grady","Georgia","13131","1979","55"
"2/20/2021","Greene","Georgia","13133","1682","48"
"2/20/2021","Gwinnett","Georgia","13135","90218","923"
"2/20/2021","Habersham","Georgia","13137","4998","140"
"2/20/2021","Hall","Georgia","13139","25308","389"
"2/20/2021","Hancock","Georgia","13141","867","55"
"2/20/2021","Haralson","Georgia","13143","2407","72"
"2/20/2021","Harris","Georgia","13145","2277","45"
"2/20/2021","Hart","Georgia","13147","2214","49"
"2/20/2021","Heard","Georgia","13149","789","16"
"2/20/2021","Henry","Georgia","13151","20972","259"
"2/20/2021","Houston","Georgia","13153","13144","206"
"2/20/2021","Irwin","Georgia","13155","886","25"
"2/20/2021","Jackson","Georgia","13157","8905","126"
"2/20/2021","Jasper","Georgia","13159","1265","30"
"2/20/2021","Jeff Davis","Georgia","13161","1735","43"
"2/20/2021","Jefferson","Georgia","13163","1838","54"
"2/20/2021","Jenkins","Georgia","13165","802","38"
"2/20/2021","Johnson","Georgia","13167","1093","47"
"2/20/2021","Jones","Georgia","13169","1867","39"
"2/20/2021","Lamar","Georgia","13171","1838","48"
"2/20/2021","Lanier","Georgia","13173","731","11"
"2/20/2021","Laurens","Georgia","13175","5349","154"
"2/20/2021","Lee","Georgia","13177","2552","50"
"2/20/2021","Liberty","Georgia","13179","3047","48"
"2/20/2021","Lincoln","Georgia","13181","720","21"
"2/20/2021","Long","Georgia","13183","783","12"
"2/20/2021","Lowndes","Georgia","13185","11328","182"
"2/20/2021","Lumpkin","Georgia","13187","2760","56"
"2/20/2021","Macon","Georgia","13193","778","26"
"2/20/2021","Madison","Georgia","13195","2986","46"
"2/20/2021","Marion","Georgia","13197","507","15"
"2/20/2021","McDuffie","Georgia","13189","2248","43"
"2/20/2021","McIntosh","Georgia","13191","717","15"
"2/20/2021","Meriwether","Georgia","13199","1822","51"
"2/20/2021","Miller","Georgia","13201","756","8"
"2/20/2021","Mitchell","Georgia","13205","1937","74"
"2/20/2021","Monroe","Georgia","13207","2334","87"
"2/20/2021","Montgomery","Georgia","13209","853","21"
"2/20/2021","Morgan","Georgia","13211","1888","17"
"2/20/2021","Murray","Georgia","13213","4437","68"
"2/20/2021","Muscogee","Georgia","13215","14094","343"
"2/20/2021","Newton","Georgia","13217","9133","191"
"2/20/2021","Oconee","Georgia","13219","3540","61"
"2/20/2021","Oglethorpe","Georgia","13221","1372","25"
"2/20/2021","Paulding","Georgia","13223","14209","175"
"2/20/2021","Peach","Georgia","13225","2412","47"
"2/20/2021","Pickens","Georgia","13227","3045","63"
"2/20/2021","Pierce","Georgia","13229","2293","50"
"2/20/2021","Pike","Georgia","13231","2011","31"
"2/20/2021","Polk","Georgia","13233","5165","76"
"2/20/2021","Pulaski","Georgia","13235","872","38"
"2/20/2021","Putnam","Georgia","13237","1970","46"
"2/20/2021","Quitman","Georgia","13239","151","1"
"2/20/2021","Rabun","Georgia","13241","1551","44"
"2/20/2021","Randolph","Georgia","13243","592","32"
"2/20/2021","Richmond","Georgia","13245","22368","412"
"2/20/2021","Rockdale","Georgia","13247","6357","139"
"2/20/2021","Schley","Georgia","13249","304","3"
"2/20/2021","Screven","Georgia","13251","875","21"
"2/20/2021","Seminole","Georgia","13253","895","17"
"2/20/2021","Spalding","Georgia","13255","5407","153"
"2/20/2021","Stephens","Georgia","13257","2955","72"
"2/20/2021","Stewart","Georgia","13259","851","21"
"2/20/2021","Sumter","Georgia","13261","2412","92"
"2/20/2021","Talbot","Georgia","13263","442","15"
"2/20/2021","Taliaferro","Georgia","13265","112","1"
"2/20/2021","Tattnall","Georgia","13267","2165","56"
"2/20/2021","Taylor","Georgia","13269","751","23"
"2/20/2021","Telfair","Georgia","13271","1242","52"
"2/20/2021","Terrell","Georgia","13273","741","41"
"2/20/2021","Thomas","Georgia","13275","4155","112"
"2/20/2021","Tift","Georgia","13277","4649","119"
"2/20/2021","Toombs","Georgia","13279","3176","101"
"2/20/2021","Towns","Georgia","13281","1084","49"
"2/20/2021","Treutlen","Georgia","13283","831","22"
"2/20/2021","Troup","Georgia","13285","6869","190"
"2/20/2021","Turner","Georgia","13287","954","31"
"2/20/2021","Twiggs","Georgia","13289","610","35"
"2/20/2021","Union","Georgia","13291","2050","65"
"2/20/2021","Upson","Georgia","13293","3187","111"
"2/20/2021","Walker","Georgia","13295","6451","74"
"2/20/2021","Walton","Georgia","13297","9165","208"
"2/20/2021","Ware","Georgia","13299","4555","142"
"2/20/2021","Warren","Georgia","13301","490","11"
"2/20/2021","Washington","Georgia","13303","2038","66"
"2/20/2021","Wayne","Georgia","13305","3267","73"
"2/20/2021","Webster","Georgia","13307","134","4"
"2/20/2021","Wheeler","Georgia","13309","614","23"
"2/20/2021","White","Georgia","13311","3032","72"
"2/20/2021","Whitfield","Georgia","13313","15764","209"
"2/20/2021","Wilcox","Georgia","13315","784","44"
"2/20/2021","Wilkes","Georgia","13317","1003","21"
"2/20/2021","Wilkinson","Georgia","13319","865","22"
"2/20/2021","Worth","Georgia","13321","1676","61"
"2/20/2021","Hawaii","Hawaii","15001","2258","53"
"2/20/2021","Honolulu","Hawaii","15003","21963","343"
"2/20/2021","Kalawao","Hawaii","15005","1","0"
"2/20/2021","Kauai","Hawaii","15007","182","1"
"2/20/2021","Maui","Hawaii","15009","2607","30"
"2/20/2021","Ada","Idaho","16001","46190","428"
"2/20/2021","Adams","Idaho","16003","325","3"
"2/20/2021","Bannock","Idaho","16005","7774","93"
"2/20/2021","Bear Lake","Idaho","16007","344","2"
"2/20/2021","Benewah","Idaho","16009","576","7"
"2/20/2021","Bingham","Idaho","16011","4201","62"
"2/20/2021","Blaine","Idaho","16013","2136","16"
"2/20/2021","Boise","Idaho","16015","302","2"
"2/20/2021","Bonner","Idaho","16017","2936","30"
"2/20/2021","Bonneville","Idaho","16019","11902","143"
"2/20/2021","Boundary","Idaho","16021","810","10"
"2/20/2021","Butte","Idaho","16023","197","1"
"2/20/2021","Camas","Idaho","16025","69","0"
"2/20/2021","Canyon","Idaho","16027","24512","271"
"2/20/2021","Caribou","Idaho","16029","622","11"
"2/20/2021","Cassia","Idaho","16031","2845","25"
"2/20/2021","Clark","Idaho","16033","53","0"
"2/20/2021","Clearwater","Idaho","16035","994","12"
"2/20/2021","Custer","Idaho","16037","229","3"
"2/20/2021","Elmore","Idaho","16039","1587","12"
"2/20/2021","Franklin","Idaho","16041","1076","15"
"2/20/2021","Fremont","Idaho","16043","984","14"
"2/20/2021","Gem","Idaho","16045","1689","30"
"2/20/2021","Gooding","Idaho","16047","1260","24"
"2/20/2021","Idaho","Idaho","16049","1179","17"
"2/20/2021","Jefferson","Idaho","16051","2395","21"
"2/20/2021","Jerome","Idaho","16053","2485","20"
"2/20/2021","Kootenai","Idaho","16055","16463","174"
"2/20/2021","Latah","Idaho","16057","2643","6"
"2/20/2021","Lemhi","Idaho","16059","492","9"
"2/20/2021","Lewis","Idaho","16061","375","6"
"2/20/2021","Lincoln","Idaho","16063","483","11"
"2/20/2021","Madison","Idaho","16065","6190","21"
"2/20/2021","Minidoka","Idaho","16067","2269","29"
"2/20/2021","Nez Perce","Idaho","16069","3337","51"
"2/20/2021","Oneida","Idaho","16071","327","3"
"2/20/2021","Owyhee","Idaho","16073","1001","24"
"2/20/2021","Payette","Idaho","16075","2372","31"
"2/20/2021","Power","Idaho","16077","632","8"
"2/20/2021","Shoshone","Idaho","16079","995","32"
"2/20/2021","Teton","Idaho","16081","1062","4"
"2/20/2021","Twin Falls","Idaho","16083","8953","122"
"2/20/2021","Valley","Idaho","16085","790","5"
"2/20/2021","Washington","Idaho","16087","1173","21"
"2/20/2021","Adams","Illinois","17001","7957","142"
"2/20/2021","Alexander","Illinois","17003","442","8"
"2/20/2021","Bond","Illinois","17005","1885","30"
"2/20/2021","Boone","Illinois","17007","5897","83"
"2/20/2021","Brown","Illinois","17009","657","12"
"2/20/2021","Bureau","Illinois","17011","3258","86"
"2/20/2021","Calhoun","Illinois","17013","473","5"
"2/20/2021","Carroll","Illinois","17015","1556","35"
"2/20/2021","Cass","Illinois","17017","1868","31"
"2/20/2021","Champaign","Illinois","17019","17898","131"
"2/20/2021","Christian","Illinois","17021","3267","80"
"2/20/2021","Clark","Illinois","17023","1665","37"
"2/20/2021","Clay","Illinois","17025","1421","46"
"2/20/2021","Clinton","Illinois","17027","5540","98"
"2/20/2021","Coles","Illinois","17029","5122","92"
"2/20/2021","Cook","Illinois","17031","469379","9800"
"2/20/2021","Crawford","Illinois","17033","1994","37"
"2/20/2021","Cumberland","Illinois","17035","1180","30"
"2/20/2021","De Witt","Illinois","17039","1270","29"
"2/20/2021","DeKalb","Illinois","17037","8297","116"
"2/20/2021","Douglas","Illinois","17041","2383","37"
"2/20/2021","DuPage","Illinois","17043","75701","1263"
"2/20/2021","Edgar","Illinois","17045","1534","57"
"2/20/2021","Edwards","Illinois","17047","523","11"
"2/20/2021","Effingham","Illinois","17049","4476","80"
"2/20/2021","Fayette","Illinois","17051","3058","55"
"2/20/2021","Ford","Illinois","17053","1549","52"
"2/20/2021","Franklin","Illinois","17055","4118","77"
"2/20/2021","Fulton","Illinois","17057","2816","52"
"2/20/2021","Gallatin","Illinois","17059","432","5"
"2/20/2021","Greene","Illinois","17061","1375","44"
"2/20/2021","Grundy","Illinois","17063","5025","66"
"2/20/2021","Hamilton","Illinois","17065","782","18"
"2/20/2021","Hancock","Illinois","17067","1660","39"
"2/20/2021","Hardin","Illinois","17069","342","12"
"2/20/2021","Henderson","Illinois","17071","492","17"
"2/20/2021","Henry","Illinois","17073","4293","84"
"2/20/2021","Iroquois","Illinois","17075","2763","62"
"2/20/2021","Jackson","Illinois","17077","4562","71"
"2/20/2021","Jasper","Illinois","17079","1102","19"
"2/20/2021","Jefferson","Illinois","17081","3941","115"
"2/20/2021","Jersey","Illinois","17083","2473","64"
"2/20/2021","Jo Daviess","Illinois","17085","1593","25"
"2/20/2021","Johnson","Illinois","17087","1336","17"
"2/20/2021","Kane","Illinois","17089","50069","758"
"2/20/2021","Kankakee","Illinois","17091","12326","196"
"2/20/2021","Kendall","Illinois","17093","10908","91"
"2/20/2021","Knox","Illinois","17095","4989","156"
"2/20/2021","LaSalle","Illinois","17099","10601","269"
"2/20/2021","Lake","Illinois","17097","58618","985"
"2/20/2021","Lawrence","Illinois","17101","2278","33"
"2/20/2021","Lee","Illinois","17103","3298","82"
"2/20/2021","Livingston","Illinois","17105","4120","86"
"2/20/2021","Logan","Illinois","17107","3292","65"
"2/20/2021","Macon","Illinois","17115","9377","192"
"2/20/2021","Macoupin","Illinois","17117","4312","107"
"2/20/2021","Madison","Illinois","17119","27616","522"
"2/20/2021","Marion","Illinois","17121","4240","116"
"2/20/2021","Marshall","Illinois","17123","830","16"
"2/20/2021","Mason","Illinois","17125","1267","42"
"2/20/2021","Massac","Illinois","17127","1240","35"
"2/20/2021","McDonough","Illinois","17109","2301","52"
"2/20/2021","McHenry","Illinois","17111","23967","287"
"2/20/2021","McLean","Illinois","17113","14432","192"
"2/20/2021","Menard","Illinois","17129","1026","12"
"2/20/2021","Mercer","Illinois","17131","1270","32"
"2/20/2021","Monroe","Illinois","17133","4022","80"
"2/20/2021","Montgomery","Illinois","17135","3440","73"
"2/20/2021","Morgan","Illinois","17137","3631","98"
"2/20/2021","Moultrie","Illinois","17139","1480","30"
"2/20/2021","Ogle","Illinois","17141","4950","80"
"2/20/2021","Peoria","Illinois","17143","16809","273"
"2/20/2021","Perry","Illinois","17145","3007","66"
"2/20/2021","Piatt","Illinois","17147","1300","20"
"2/20/2021","Pike","Illinois","17149","1672","52"
"2/20/2021","Pope","Illinois","17151","279","3"
"2/20/2021","Pulaski","Illinois","17153","667","5"
"2/20/2021","Putnam","Illinois","17155","407","4"
"2/20/2021","Randolph","Illinois","17157","3945","82"
"2/20/2021","Richland","Illinois","17159","1632","47"
"2/20/2021","Rock Island","Illinois","17161","12933","328"
"2/20/2021","Saline","Illinois","17165","2265","61"
"2/20/2021","Sangamon","Illinois","17167","15931","257"
"2/20/2021","Schuyler","Illinois","17169","672","17"
"2/20/2021","Scott","Illinois","17171","446","1"
"2/20/2021","Shelby","Illinois","17173","2112","36"
"2/20/2021","St. Clair","Illinois","17163","27572","506"
"2/20/2021","Stark","Illinois","17175","534","22"
"2/20/2021","Stephenson","Illinois","17177","4044","92"
"2/20/2021","Tazewell","Illinois","17179","13332","273"
"2/20/2021","Union","Illinois","17181","2180","37"
"2/20/2021","Vermilion","Illinois","17183","8451","131"
"2/20/2021","Wabash","Illinois","17185","1294","15"
"2/20/2021","Warren","Illinois","17187","1658","46"
"2/20/2021","Washington","Illinois","17189","1570","29"
"2/20/2021","Wayne","Illinois","17191","1662","48"
"2/20/2021","White","Illinois","17193","1593","35"
"2/20/2021","Whiteside","Illinois","17195","5923","187"
"2/20/2021","Will","Illinois","17197","64131","953"
"2/20/2021","Williamson","Illinois","17199","6739","131"
"2/20/2021","Winnebago","Illinois","17201","28132","458"
"2/20/2021","Woodford","Illinois","17203","3634","73"
"2/20/2021","Adams","Indiana","18001","3189","50"
"2/20/2021","Allen","Indiana","18003","35434","655"
"2/20/2021","Bartholomew","Indiana","18005","7340","152"
"2/20/2021","Benton","Indiana","18007","908","13"
"2/20/2021","Blackford","Indiana","18009","1211","27"
"2/20/2021","Boone","Indiana","18011","6034","93"
"2/20/2021","Brown","Indiana","18013","939","39"
"2/20/2021","Carroll","Indiana","18015","1750","20"
"2/20/2021","Cass","Indiana","18017","5339","100"
"2/20/2021","Clark","Indiana","18019","11811","187"
"2/20/2021","Clay","Indiana","18021","2381","43"
"2/20/2021","Clinton","Indiana","18023","3920","57"
"2/20/2021","Crawford","Indiana","18025","899","14"
"2/20/2021","Daviess","Indiana","18027","2838","97"
"2/20/2021","DeKalb","Indiana","18033","3815","81"
"2/20/2021","Dearborn","Indiana","18029","5372","67"
"2/20/2021","Decatur","Indiana","18031","2742","92"
"2/20/2021","Delaware","Indiana","18035","9782","183"
"2/20/2021","Dubois","Indiana","18037","5857","107"
"2/20/2021","Elkhart","Indiana","18039","25305","427"
"2/20/2021","Fayette","Indiana","18041","2830","55"
"2/20/2021","Floyd","Indiana","18043","7131","168"
"2/20/2021","Fountain","Indiana","18045","1998","40"
"2/20/2021","Franklin","Indiana","18047","1601","36"
"2/20/2021","Fulton","Indiana","18049","1760","38"
"2/20/2021","Gibson","Indiana","18051","3995","84"
"2/20/2021","Grant","Indiana","18053","6797","162"
"2/20/2021","Greene","Indiana","18055","2601","82"
"2/20/2021","Hamilton","Indiana","18057","31665","394"
"2/20/2021","Hancock","Indiana","18059","7388","132"
"2/20/2021","Harrison","Indiana","18061","3938","62"
"2/20/2021","Hendricks","Indiana","18063","15715","314"
"2/20/2021","Henry","Indiana","18065","5392","91"
"2/20/2021","Howard","Indiana","18067","9010","195"
"2/20/2021","Huntington","Indiana","18069","3365","77"
"2/20/2021","Jackson","Indiana","18071","4616","61"
"2/20/2021","Jasper","Indiana","18073","3125","44"
"2/20/2021","Jay","Indiana","18075","1778","30"
"2/20/2021","Jefferson","Indiana","18077","2918","73"
"2/20/2021","Jennings","Indiana","18079","2131","46"
"2/20/2021","Johnson","Indiana","18081","16256","360"
"2/20/2021","Knox","Indiana","18083","3542","82"
"2/20/2021","Kosciusko","Indiana","18085","8501","111"
"2/20/2021","LaGrange","Indiana","18087","2405","72"
"2/20/2021","LaPorte","Indiana","18091","9701","197"
"2/20/2021","Lake","Indiana","18089","48040","891"
"2/20/2021","Lawrence","Indiana","18093","4144","114"
"2/20/2021","Madison","Indiana","18095","11684","331"
"2/20/2021","Marion","Indiana","18097","90044","1685"
"2/20/2021","Marshall","Indiana","18099","5376","105"
"2/20/2021","Martin","Indiana","18101","798","14"
"2/20/2021","Miami","Indiana","18103","3538","62"
"2/20/2021","Monroe","Indiana","18105","10194","161"
"2/20/2021","Montgomery","Indiana","18107","3791","84"
"2/20/2021","Morgan","Indiana","18109","6030","129"
"2/20/2021","Newton","Indiana","18111","966","33"
"2/20/2021","Noble","Indiana","18113","5053","78"
"2/20/2021","Ohio","Indiana","18115","524","11"
"2/20/2021","Orange","Indiana","18117","1709","53"
"2/20/2021","Owen","Indiana","18119","1818","54"
"2/20/2021","Parke","Indiana","18121","1389","15"
"2/20/2021","Perry","Indiana","18123","1728","36"
"2/20/2021","Pike","Indiana","18125","1268","32"
"2/20/2021","Porter","Indiana","18127","15814","277"
"2/20/2021","Posey","Indiana","18129","2588","31"
"2/20/2021","Pulaski","Indiana","18131","1052","42"
"2/20/2021","Putnam","Indiana","18133","3251","58"
"2/20/2021","Randolph","Indiana","18135","2291","76"
"2/20/2021","Ripley","Indiana","18137","3245","60"
"2/20/2021","Rush","Indiana","18139","1693","22"
"2/20/2021","Scott","Indiana","18143","2479","48"
"2/20/2021","Shelby","Indiana","18145","5490","100"
"2/20/2021","Spencer","Indiana","18147","2157","30"
"2/20/2021","St. Joseph","Indiana","18141","29401","524"
"2/20/2021","Starke","Indiana","18149","1855","53"
"2/20/2021","Steuben","Indiana","18151","3354","57"
"2/20/2021","Sullivan","Indiana","18153","2020","38"
"2/20/2021","Switzerland","Indiana","18155","751","7"
"2/20/2021","Tippecanoe","Indiana","18157","19676","197"
"2/20/2021","Tipton","Indiana","18159","1456","44"
"2/20/2021","Union","Indiana","18161","695","10"
"2/20/2021","Vanderburgh","Indiana","18163","21058","376"
"2/20/2021","Vermillion","Indiana","18165","1579","40"
"2/20/2021","Vigo","Indiana","18167","11476","233"
"2/20/2021","Wabash","Indiana","18169","3279","75"
"2/20/2021","Warren","Indiana","18171","744","13"
"2/20/2021","Warrick","Indiana","18173","7355","146"
"2/20/2021","Washington","Indiana","18175","2058","27"
"2/20/2021","Wayne","Indiana","18177","6967","190"
"2/20/2021","Wells","Indiana","18179","2563","78"
"2/20/2021","White","Indiana","18181","2936","51"
"2/20/2021","Whitley","Indiana","18183","3446","35"
"2/20/2021","Adair","Iowa","19001","790","26"
"2/20/2021","Adams","Iowa","19003","317","3"
"2/20/2021","Allamakee","Iowa","19005","1386","41"
"2/20/2021","Appanoose","Iowa","19007","1202","47"
"2/20/2021","Audubon","Iowa","19009","464","9"
"2/20/2021","Benton","Iowa","19011","2320","54"
"2/20/2021","Black Hawk","Iowa","19013","14757","284"
"2/20/2021","Boone","Iowa","19015","2380","30"
"2/20/2021","Bremer","Iowa","19017","2628","53"
"2/20/2021","Buchanan","Iowa","19019","1732","27"
"2/20/2021","Buena Vista","Iowa","19021","4058","36"
"2/20/2021","Butler","Iowa","19023","1570","31"
"2/20/2021","Calhoun","Iowa","19025","1274","10"
"2/20/2021","Carroll","Iowa","19027","2639","47"
"2/20/2021","Cass","Iowa","19029","1241","48"
"2/20/2021","Cedar","Iowa","19031","1650","22"
"2/20/2021","Cerro Gordo","Iowa","19033","4939","79"
"2/20/2021","Cherokee","Iowa","19035","1431","35"
"2/20/2021","Chickasaw","Iowa","19037","1180","13"
"2/20/2021","Clarke","Iowa","19039","922","20"
"2/20/2021","Clay","Iowa","19041","1823","25"
"2/20/2021","Clayton","Iowa","19043","1588","53"
"2/20/2021","Clinton","Iowa","19045","4914","82"
"2/20/2021","Crawford","Iowa","19047","2471","35"
"2/20/2021","Dallas","Iowa","19049","9905","88"
"2/20/2021","Davis","Iowa","19051","749","23"
"2/20/2021","Decatur","Iowa","19053","550","9"
"2/20/2021","Delaware","Iowa","19055","1844","38"
"2/20/2021","Des Moines","Iowa","19057","4186","56"
"2/20/2021","Dickinson","Iowa","19059","1989","38"
"2/20/2021","Dubuque","Iowa","19061","12202","191"
"2/20/2021","Emmet","Iowa","19063","1136","39"
"2/20/2021","Fayette","Iowa","19065","1757","32"
"2/20/2021","Floyd","Iowa","19067","1462","38"
"2/20/2021","Franklin","Iowa","19069","1082","19"
"2/20/2021","Fremont","Iowa","19071","548","9"
"2/20/2021","Greene","Iowa","19073","722","10"
"2/20/2021","Grundy","Iowa","19075","1294","30"
"2/20/2021","Guthrie","Iowa","19077","1074","28"
"2/20/2021","Hamilton","Iowa","19079","1719","40"
"2/20/2021","Hancock","Iowa","19081","1362","28"
"2/20/2021","Hardin","Iowa","19083","1660","35"
"2/20/2021","Harrison","Iowa","19085","1650","68"
"2/20/2021","Henry","Iowa","19087","2774","35"
"2/20/2021","Howard","Iowa","19089","974","21"
"2/20/2021","Humboldt","Iowa","19091","1118","23"
"2/20/2021","Ida","Iowa","19093","804","32"
"2/20/2021","Iowa","Iowa","19095","1365","23"
"2/20/2021","Jackson","Iowa","19097","2075","37"
"2/20/2021","Jasper","Iowa","19099","3692","65"
"2/20/2021","Jefferson","Iowa","19101","1267","32"
"2/20/2021","Johnson","Iowa","19103","12906","72"
"2/20/2021","Jones","Iowa","19105","2835","54"
"2/20/2021","Keokuk","Iowa","19107","904","29"
"2/20/2021","Kossuth","Iowa","19109","1941","54"
"2/20/2021","Lee","Iowa","19111","3483","51"
"2/20/2021","Linn","Iowa","19113","19202","305"
"2/20/2021","Louisa","Iowa","19115","1203","41"
"2/20/2021","Lucas","Iowa","19117","695","21"
"2/20/2021","Lyon","Iowa","19119","1440","41"
"2/20/2021","Madison","Iowa","19121","1379","17"
"2/20/2021","Mahaska","Iowa","19123","2120","44"
"2/20/2021","Marion","Iowa","19125","3346","66"
"2/20/2021","Marshall","Iowa","19127","4569","70"
"2/20/2021","Mills","Iowa","19129","1461","20"
"2/20/2021","Mitchell","Iowa","19131","1189","40"
"2/20/2021","Monona","Iowa","19133","757","25"
"2/20/2021","Monroe","Iowa","19135","873","27"
"2/20/2021","Montgomery","Iowa","19137","958","36"
"2/20/2021","Muscatine","Iowa","19139","4138","88"
"2/20/2021","O'Brien","Iowa","19141","1774","58"
"2/20/2021","Osceola","Iowa","19143","667","14"
"2/20/2021","Page","Iowa","19145","1692","19"
"2/20/2021","Palo Alto","Iowa","19147","988","21"
"2/20/2021","Plymouth","Iowa","19149","3630","77"
"2/20/2021","Pocahontas","Iowa","19151","804","19"
"2/20/2021","Polk","Iowa","19153","50544","537"
"2/20/2021","Pottawattamie","Iowa","19155","9666","140"
"2/20/2021","Poweshiek","Iowa","19157","1455","29"
"2/20/2021","Ringgold","Iowa","19159","495","16"
"2/20/2021","Sac","Iowa","19161","1160","17"
"2/20/2021","Scott","Iowa","19163","16852","200"
"2/20/2021","Shelby","Iowa","19165","1135","32"
"2/20/2021","Sioux","Iowa","19167","4719","67"
"2/20/2021","Story","Iowa","19169","9363","45"
"2/20/2021","Tama","Iowa","19171","1985","64"
"2/20/2021","Taylor","Iowa","19173","634","11"
"2/20/2021","Union","Iowa","19175","1177","31"
"2/20/2021","Van Buren","Iowa","19177","533","17"
"2/20/2021","Wapello","Iowa","19179","3877","105"
"2/20/2021","Warren","Iowa","19181","5002","69"
"2/20/2021","Washington","Iowa","19183","2370","43"
"2/20/2021","Wayne","Iowa","19185","443","21"
"2/20/2021","Webster","Iowa","19187","4872","85"
"2/20/2021","Winnebago","Iowa","19189","1275","30"
"2/20/2021","Winneshiek","Iowa","19191","1783","26"
"2/20/2021","Woodbury","Iowa","19193","13559","210"
"2/20/2021","Worth","Iowa","19195","650","4"
"2/20/2021","Wright","Iowa","19197","1716","31"
"2/20/2021","Allen","Kansas","20001","1088","1"
"2/20/2021","Anderson","Kansas","20003","803","0"
"2/20/2021","Atchison","Kansas","20005","1520","13"
"2/20/2021","Barber","Kansas","20007","364","2"
"2/20/2021","Barton","Kansas","20009","2558","21"
"2/20/2021","Bourbon","Kansas","20011","1271","3"
"2/20/2021","Brown","Kansas","20013","1201","32"
"2/20/2021","Butler","Kansas","20015","7094","60"
"2/20/2021","Chase","Kansas","20017","273","3"
"2/20/2021","Chautauqua","Kansas","20019","251","3"
"2/20/2021","Cherokee","Kansas","20021","2333","16"
"2/20/2021","Cheyenne","Kansas","20023","344","10"
"2/20/2021","Clark","Kansas","20025","235","4"
"2/20/2021","Clay","Kansas","20027","817","24"
"2/20/2021","Cloud","Kansas","20029","960","2"
"2/20/2021","Coffey","Kansas","20031","701","13"
"2/20/2021","Comanche","Kansas","20033","155","9"
"2/20/2021","Cowley","Kansas","20035","3764","9"
"2/20/2021","Crawford","Kansas","20037","4466","77"
"2/20/2021","Decatur","Kansas","20039","258","1"
"2/20/2021","Dickinson","Kansas","20041","1680","35"
"2/20/2021","Doniphan","Kansas","20043","929","7"
"2/20/2021","Douglas","Kansas","20045","8548","71"
"2/20/2021","Edwards","Kansas","20047","262","0"
"2/20/2021","Elk","Kansas","20049","167","0"
"2/20/2021","Ellis","Kansas","20051","3642","61"
"2/20/2021","Ellsworth","Kansas","20053","1203","4"
"2/20/2021","Finney","Kansas","20055","5971","48"
"2/20/2021","Ford","Kansas","20057","5543","10"
"2/20/2021","Franklin","Kansas","20059","2415","20"
"2/20/2021","Geary","Kansas","20061","2947","24"
"2/20/2021","Gove","Kansas","20063","376","22"
"2/20/2021","Graham","Kansas","20065","247","2"
"2/20/2021","Grant","Kansas","20067","964","17"
"2/20/2021","Gray","Kansas","20069","600","12"
"2/20/2021","Greeley","Kansas","20071","101","0"
"2/20/2021","Greenwood","Kansas","20073","581","2"
"2/20/2021","Hamilton","Kansas","20075","199","0"
"2/20/2021","Harper","Kansas","20077","601","17"
"2/20/2021","Harvey","Kansas","20079","3365","56"
"2/20/2021","Haskell","Kansas","20081","407","1"
"2/20/2021","Hodgeman","Kansas","20083","193","6"
"2/20/2021","Jackson","Kansas","20085","1327","11"
"2/20/2021","Jefferson","Kansas","20087","1603","30"
"2/20/2021","Jewell","Kansas","20089","198","3"
"2/20/2021","Johnson","Kansas","20091","53652","632"
"2/20/2021","Kearny","Kansas","20093","555","9"
"2/20/2021","Kingman","Kansas","20095","720","11"
"2/20/2021","Kiowa","Kansas","20097","266","5"
"2/20/2021","Labette","Kansas","20099","2572","47"
"2/20/2021","Lane","Kansas","20101","141","5"
"2/20/2021","Leavenworth","Kansas","20103","6680","49"
"2/20/2021","Lincoln","Kansas","20105","254","4"
"2/20/2021","Linn","Kansas","20107","829","12"
"2/20/2021","Logan","Kansas","20109","291","0"
"2/20/2021","Lyon","Kansas","20111","4032","75"
"2/20/2021","Marion","Kansas","20115","1011","16"
"2/20/2021","Marshall","Kansas","20117","1070","23"
"2/20/2021","McPherson","Kansas","20113","3113","78"
"2/20/2021","Meade","Kansas","20119","486","7"
"2/20/2021","Miami","Kansas","20121","2592","25"
"2/20/2021","Mitchell","Kansas","20123","557","0"
"2/20/2021","Montgomery","Kansas","20125","3218","6"
"2/20/2021","Morris","Kansas","20127","581","17"
"2/20/2021","Morton","Kansas","20129","252","9"
"2/20/2021","Nemaha","Kansas","20131","1459","50"
"2/20/2021","Neosho","Kansas","20133","1708","18"
"2/20/2021","Ness","Kansas","20135","364","15"
"2/20/2021","Norton","Kansas","20137","1216","27"
"2/20/2021","Osage","Kansas","20139","1175","11"
"2/20/2021","Osborne","Kansas","20141","286","0"
"2/20/2021","Ottawa","Kansas","20143","548","0"
"2/20/2021","Pawnee","Kansas","20145","1131","14"
"2/20/2021","Phillips","Kansas","20147","688","18"
"2/20/2021","Pottawatomie","Kansas","20149","1728","24"
"2/20/2021","Pratt","Kansas","20151","801","23"
"2/20/2021","Rawlins","Kansas","20153","350","7"
"2/20/2021","Reno","Kansas","20155","8245","126"
"2/20/2021","Republic","Kansas","20157","676","14"
"2/20/2021","Rice","Kansas","20159","1047","1"
"2/20/2021","Riley","Kansas","20161","6158","33"
"2/20/2021","Rooks","Kansas","20163","620","10"
"2/20/2021","Rush","Kansas","20165","424","0"
"2/20/2021","Russell","Kansas","20167","832","23"
"2/20/2021","Saline","Kansas","20169","5901","104"
"2/20/2021","Scott","Kansas","20171","600","21"
"2/20/2021","Sedgwick","Kansas","20173","53047","483"
"2/20/2021","Seward","Kansas","20175","3862","29"
"2/20/2021","Shawnee","Kansas","20177","16181","331"
"2/20/2021","Sheridan","Kansas","20179","426","0"
"2/20/2021","Sherman","Kansas","20181","603","7"
"2/20/2021","Smith","Kansas","20183","271","2"
"2/20/2021","Stafford","Kansas","20185","341","9"
"2/20/2021","Stanton","Kansas","20187","181","2"
"2/20/2021","Stevens","Kansas","20189","580","7"
"2/20/2021","Sumner","Kansas","20191","2059","27"
"2/20/2021","Thomas","Kansas","20193","1094","13"
"2/20/2021","Trego","Kansas","20195","403","3"
"2/20/2021","Wabaunsee","Kansas","20197","647","14"
"2/20/2021","Wallace","Kansas","20199","175","0"
"2/20/2021","Washington","Kansas","20201","522","9"
"2/20/2021","Wichita","Kansas","20203","215","0"
"2/20/2021","Wilson","Kansas","20205","920","12"
"2/20/2021","Woodson","Kansas","20207","194","0"
"2/20/2021","Wyandotte","Kansas","20209","18935","263"
"2/20/2021","Adair","Kentucky","21001","1646","49"
"2/20/2021","Allen","Kentucky","21003","1781","22"
"2/20/2021","Anderson","Kentucky","21005","1593","16"
"2/20/2021","Ballard","Kentucky","21007","339","5"
"2/20/2021","Barren","Kentucky","21009","3941","71"
"2/20/2021","Bath","Kentucky","21011","740","16"
"2/20/2021","Bell","Kentucky","21013","2661","33"
"2/20/2021","Boone","Kentucky","21015","12708","72"
"2/20/2021","Bourbon","Kentucky","21017","1521","12"
"2/20/2021","Boyd","Kentucky","21019","4565","43"
"2/20/2021","Boyle","Kentucky","21021","3115","31"
"2/20/2021","Bracken","Kentucky","21023","500","4"
"2/20/2021","Breathitt","Kentucky","21025","912","6"
"2/20/2021","Breckinridge","Kentucky","21027","1078","9"
"2/20/2021","Bullitt","Kentucky","21029","6263","47"
"2/20/2021","Butler","Kentucky","21031","1326","23"
"2/20/2021","Caldwell","Kentucky","21033","1324","23"
"2/20/2021","Calloway","Kentucky","21035","3345","38"
"2/20/2021","Campbell","Kentucky","21037","7915","46"
"2/20/2021","Carlisle","Kentucky","21039","426","1"
"2/20/2021","Carroll","Kentucky","21041","871","10"
"2/20/2021","Carter","Kentucky","21043","1934","22"
"2/20/2021","Casey","Kentucky","21045","1258","34"
"2/20/2021","Christian","Kentucky","21047","6148","79"
"2/20/2021","Clark","Kentucky","21049","2370","18"
"2/20/2021","Clay","Kentucky","21051","2342","26"
"2/20/2021","Clinton","Kentucky","21053","1375","27"
"2/20/2021","Crittenden","Kentucky","21055","548","17"
"2/20/2021","Cumberland","Kentucky","21057","649","9"
"2/20/2021","Daviess","Kentucky","21059","9522","154"
"2/20/2021","Edmonson","Kentucky","21061","864","18"
"2/20/2021","Elliott","Kentucky","21063","935","1"
"2/20/2021","Estill","Kentucky","21065","959","1"
"2/20/2021","Fayette","Kentucky","21067","32009","224"
"2/20/2021","Fleming","Kentucky","21069","1067","14"
"2/20/2021","Floyd","Kentucky","21071","2965","29"
"2/20/2021","Franklin","Kentucky","21073","3576","28"
"2/20/2021","Fulton","Kentucky","21075","465","6"
"2/20/2021","Gallatin","Kentucky","21077","645","19"
"2/20/2021","Garrard","Kentucky","21079","1373","9"
"2/20/2021","Grant","Kentucky","21081","2133","13"
"2/20/2021","Graves","Kentucky","21083","3923","70"
"2/20/2021","Grayson","Kentucky","21085","1917","45"
"2/20/2021","Green","Kentucky","21087","1092","13"
"2/20/2021","Greenup","Kentucky","21089","3273","23"
"2/20/2021","Hancock","Kentucky","21091","800","15"
"2/20/2021","Hardin","Kentucky","21093","8648","87"
"2/20/2021","Harlan","Kentucky","21095","2352","68"
"2/20/2021","Harrison","Kentucky","21097","1471","9"
"2/20/2021","Hart","Kentucky","21099","1786","33"
"2/20/2021","Henderson","Kentucky","21101","4284","57"
"2/20/2021","Henry","Kentucky","21103","1194","7"
"2/20/2021","Hickman","Kentucky","21105","313","7"
"2/20/2021","Hopkins","Kentucky","21107","3856","128"
"2/20/2021","Jackson","Kentucky","21109","1186","29"
"2/20/2021","Jefferson","Kentucky","21111","72916","884"
"2/20/2021","Jessamine","Kentucky","21113","4032","49"
"2/20/2021","Johnson","Kentucky","21115","1713","18"
"2/20/2021","Kenton","Kentucky","21117","15106","125"
"2/20/2021","Knott","Kentucky","21119","1004","15"
"2/20/2021","Knox","Kentucky","21121","2800","11"
"2/20/2021","Larue","Kentucky","21123","1179","11"
"2/20/2021","Laurel","Kentucky","21125","5691","25"
"2/20/2021","Lawrence","Kentucky","21127","1198","17"
"2/20/2021","Lee","Kentucky","21129","1181","19"
"2/20/2021","Leslie","Kentucky","21131","767","2"
"2/20/2021","Letcher","Kentucky","21133","1638","18"
"2/20/2021","Lewis","Kentucky","21135","1081","30"
"2/20/2021","Lincoln","Kentucky","21137","2057","32"
"2/20/2021","Livingston","Kentucky","21139","741","16"
"2/20/2021","Logan","Kentucky","21141","2430","51"
"2/20/2021","Lyon","Kentucky","21143","465","13"
"2/20/2021","Madison","Kentucky","21151","8486","79"
"2/20/2021","Magoffin","Kentucky","21153","855","1"
"2/20/2021","Marion","Kentucky","21155","2116","23"
"2/20/2021","Marshall","Kentucky","21157","2476","46"
"2/20/2021","Martin","Kentucky","21159","908","11"
"2/20/2021","Mason","Kentucky","21161","1411","27"
"2/20/2021","McCracken","Kentucky","21145","5645","63"
"2/20/2021","McCreary","Kentucky","21147","1735","23"
"2/20/2021","McLean","Kentucky","21149","827","25"
"2/20/2021","Meade","Kentucky","21163","1816","13"
"2/20/2021","Menifee","Kentucky","21165","395","11"
"2/20/2021","Mercer","Kentucky","21167","2324","24"
"2/20/2021","Metcalfe","Kentucky","21169","939","19"
"2/20/2021","Monroe","Kentucky","21171","1245","38"
"2/20/2021","Montgomery","Kentucky","21173","2271","23"
"2/20/2021","Morgan","Kentucky","21175","2010","1"
"2/20/2021","Muhlenberg","Kentucky","21177","2709","53"
"2/20/2021","Nelson","Kentucky","21179","4516","31"
"2/20/2021","Nicholas","Kentucky","21181","444","6"
"2/20/2021","Ohio","Kentucky","21183","2308","47"
"2/20/2021","Oldham","Kentucky","21185","6771","69"
"2/20/2021","Owen","Kentucky","21187","619","8"
"2/20/2021","Owsley","Kentucky","21189","406","10"
"2/20/2021","Pendleton","Kentucky","21191","912","1"
"2/20/2021","Perry","Kentucky","21193","2208","33"
"2/20/2021","Pike","Kentucky","21195","4982","57"
"2/20/2021","Powell","Kentucky","21197","960","1"
"2/20/2021","Pulaski","Kentucky","21199","5662","84"
"2/20/2021","Robertson","Kentucky","21201","187","12"
"2/20/2021","Rockcastle","Kentucky","21203","1309","13"
"2/20/2021","Rowan","Kentucky","21205","1906","10"
"2/20/2021","Russell","Kentucky","21207","1711","39"
"2/20/2021","Scott","Kentucky","21209","3859","26"
"2/20/2021","Shelby","Kentucky","21211","4276","45"
"2/20/2021","Simpson","Kentucky","21213","1629","28"
"2/20/2021","Spencer","Kentucky","21215","1466","11"
"2/20/2021","Taylor","Kentucky","21217","2682","31"
"2/20/2021","Todd","Kentucky","21219","1001","24"
"2/20/2021","Trigg","Kentucky","21221","1093","8"
"2/20/2021","Trimble","Kentucky","21223","589","3"
"2/20/2021","Union","Kentucky","21225","1257","13"
"2/20/2021","Warren","Kentucky","21227","14310","130"
"2/20/2021","Washington","Kentucky","21229","1299","29"
"2/20/2021","Wayne","Kentucky","21231","2054","43"
"2/20/2021","Webster","Kentucky","21233","1156","17"
"2/20/2021","Whitley","Kentucky","21235","4103","16"
"2/20/2021","Wolfe","Kentucky","21237","417","4"
"2/20/2021","Woodford","Kentucky","21239","1950","4"
"2/20/2021","Acadia","Louisiana","22001","5999","181"
"2/20/2021","Allen","Louisiana","22003","2932","84"
"2/20/2021","Ascension","Louisiana","22005","10812","144"
"2/20/2021","Assumption","Louisiana","22007","2069","33"
"2/20/2021","Avoyelles","Louisiana","22009","3842","117"
"2/20/2021","Beauregard","Louisiana","22011","2742","65"
"2/20/2021","Bienville","Louisiana","22013","1573","69"
"2/20/2021","Bossier","Louisiana","22015","12852","256"
"2/20/2021","Caddo","Louisiana","22017","24410","664"
"2/20/2021","Calcasieu","Louisiana","22019","18778","346"
"2/20/2021","Caldwell","Louisiana","22021","1068","25"
"2/20/2021","Cameron","Louisiana","22023","530","5"
"2/20/2021","Catahoula","Louisiana","22025","1038","33"
"2/20/2021","Claiborne","Louisiana","22027","1390","49"
"2/20/2021","Concordia","Louisiana","22029","1744","55"
"2/20/2021","De Soto","Louisiana","22031","2609","70"
"2/20/2021","East Baton Rouge","Louisiana","22033","34823","721"
"2/20/2021","East Carroll","Louisiana","22035","1094","23"
"2/20/2021","East Feliciana","Louisiana","22037","2936","104"
"2/20/2021","Evangeline","Louisiana","22039","3223","77"
"2/20/2021","Franklin","Louisiana","22041","2409","100"
"2/20/2021","Grant","Louisiana","22043","1976","51"
"2/20/2021","Iberia","Louisiana","22045","6367","143"
"2/20/2021","Iberville","Louisiana","22047","3390","91"
"2/20/2021","Jackson","Louisiana","22049","1739","45"
"2/20/2021","Jefferson","Louisiana","22051","43233","834"
"2/20/2021","Jefferson Davis","Louisiana","22053","2827","83"
"2/20/2021","LaSalle","Louisiana","22059","1404","33"
"2/20/2021","Lafayette","Louisiana","22055","21355","253"
"2/20/2021","Lafourche","Louisiana","22057","8921","194"
"2/20/2021","Lincoln","Louisiana","22061","4205","88"
"2/20/2021","Livingston","Louisiana","22063","12036","177"
"2/20/2021","Madison","Louisiana","22065","1545","31"
"2/20/2021","Morehouse","Louisiana","22067","2681","67"
"2/20/2021","Natchitoches","Louisiana","22069","3835","77"
"2/20/2021","Orleans","Louisiana","22071","27942","755"
"2/20/2021","Ouachita","Louisiana","22073","17592","404"
"2/20/2021","Plaquemines","Louisiana","22075","2247","23"
"2/20/2021","Pointe Coupee","Louisiana","22077","2325","69"
"2/20/2021","Rapides","Louisiana","22079","11140","290"
"2/20/2021","Red River","Louisiana","22081","856","35"
"2/20/2021","Richland","Louisiana","22083","2312","49"
"2/20/2021","Sabine","Louisiana","22085","2736","52"
"2/20/2021","St. Bernard","Louisiana","22087","3571","46"
"2/20/2021","St. Charles","Louisiana","22089","5023","88"
"2/20/2021","St. Helena","Louisiana","22091","872","8"
"2/20/2021","St. James","Louisiana","22093","1817","49"
"2/20/2021","St. John the Baptist","Louisiana","22095","3478","131"
"2/20/2021","St. Landry","Louisiana","22097","8175","241"
"2/20/2021","St. Martin","Louisiana","22099","4792","110"
"2/20/2021","St. Mary","Louisiana","22101","4017","119"
"2/20/2021","St. Tammany","Louisiana","22103","23223","475"
"2/20/2021","Tangipahoa","Louisiana","22105","11820","261"
"2/20/2021","Tensas","Louisiana","22107","356","6"
"2/20/2021","Terrebonne","Louisiana","22109","9281","192"
"2/20/2021","Union","Louisiana","22111","2287","75"
"2/20/2021","Vermilion","Louisiana","22113","4768","105"
"2/20/2021","Vernon","Louisiana","22115","2822","95"
"2/20/2021","Washington","Louisiana","22117","4014","120"
"2/20/2021","Webster","Louisiana","22119","3872","92"
"2/20/2021","West Baton Rouge","Louisiana","22121","2452","53"
"2/20/2021","West Carroll","Louisiana","22123","1152","39"
"2/20/2021","West Feliciana","Louisiana","22125","1105","31"
"2/20/2021","Winn","Louisiana","22127","1441","39"
"2/20/2021","Androscoggin","Maine","23001","4684","54"
"2/20/2021","Aroostook","Maine","23003","1254","43"
"2/20/2021","Cumberland","Maine","23005","12197","176"
"2/20/2021","Franklin","Maine","23007","880","10"
"2/20/2021","Hancock","Maine","23009","871","31"
"2/20/2021","Kennebec","Maine","23011","3537","49"
"2/20/2021","Knox","Maine","23013","620","5"
"2/20/2021","Lincoln","Maine","23015","563","1"
"2/20/2021","Oxford","Maine","23017","2152","42"
"2/20/2021","Penobscot","Maine","23019","3759","76"
"2/20/2021","Piscataquis","Maine","23021","244","1"
"2/20/2021","Sagadahoc","Maine","23023","865","1"
"2/20/2021","Somerset","Maine","23025","1229","26"
"2/20/2021","Waldo","Maine","23027","572","19"
"2/20/2021","Washington","Maine","23029","698","14"
"2/20/2021","York","Maine","23031","9240","110"
"2/20/2021","Allegany","Maryland","24001","6383","197"
"2/20/2021","Anne Arundel","Maryland","24003","35054","521"
"2/20/2021","Baltimore","Maryland","24005","50011","1247"
"2/20/2021","Baltimore city","Maryland","24510","39806","867"
"2/20/2021","Calvert","Maryland","24009","3612","67"
"2/20/2021","Caroline","Maryland","24011","2016","18"
"2/20/2021","Carroll","Maryland","24013","7428","208"
"2/20/2021","Cecil","Maryland","24015","4973","117"
"2/20/2021","Charles","Maryland","24017","8716","153"
"2/20/2021","Dorchester","Maryland","24019","2288","43"
"2/20/2021","Frederick","Maryland","24021","16668","266"
"2/20/2021","Garrett","Maryland","24023","1834","59"
"2/20/2021","Harford","Maryland","24025","12266","231"
"2/20/2021","Howard","Maryland","24027","15511","216"
"2/20/2021","Kent","Maryland","24029","1106","42"
"2/20/2021","Montgomery","Maryland","24031","62381","1395"
"2/20/2021","Prince George's","Maryland","24033","72022","1303"
"2/20/2021","Queen Anne's","Maryland","24035","2536","38"
"2/20/2021","Somerset","Maryland","24039","2362","30"
"2/20/2021","St. Mary's","Maryland","24037","4984","112"
"2/20/2021","Talbot","Maryland","24041","1844","31"
"2/20/2021","Washington","Maryland","24043","12206","248"
"2/20/2021","Wicomico","Maryland","24045","6685","141"
"2/20/2021","Worcester","Maryland","24047","3227","91"
"2/20/2021","Barnstable","Massachusetts","25001","9763","389"
"2/20/2021","Berkshire","Massachusetts","25003","4794","248"
"2/20/2021","Bristol","Massachusetts","25005","54720","1462"
"2/20/2021","Dukes","Massachusetts","25007","849","0"
"2/20/2021","Essex","Massachusetts","25009","82291","2121"
"2/20/2021","Franklin","Massachusetts","25011","1946","99"
"2/20/2021","Hampden","Massachusetts","25013","40640","1301"
"2/20/2021","Hampshire","Massachusetts","25015","7065","255"
"2/20/2021","Middlesex","Massachusetts","25017","109457","3371"
"2/20/2021","Nantucket","Massachusetts","25019","1150","2"
"2/20/2021","Norfolk","Massachusetts","25021","44228","1593"
"2/20/2021","Plymouth","Massachusetts","25023","39341","1268"
"2/20/2021","Suffolk","Massachusetts","25025","76620","1668"
"2/20/2021","Worcester","Massachusetts","25027","63980","1994"
"2/20/2021","Alcona","Michigan","26001","427","24"
"2/20/2021","Alger","Michigan","26003","581","5"
"2/20/2021","Allegan","Michigan","26005","7211","118"
"2/20/2021","Alpena","Michigan","26007","1466","47"
"2/20/2021","Antrim","Michigan","26009","910","19"
"2/20/2021","Arenac","Michigan","26011","741","24"
"2/20/2021","Baraga","Michigan","26013","772","33"
"2/20/2021","Barry","Michigan","26015","3700","42"
"2/20/2021","Bay","Michigan","26017","7331","283"
"2/20/2021","Benzie","Michigan","26019","904","31"
"2/20/2021","Berrien","Michigan","26021","11383","236"
"2/20/2021","Branch","Michigan","26023","4561","110"
"2/20/2021","Calhoun","Michigan","26025","9423","232"
"2/20/2021","Cass","Michigan","26027","3917","63"
"2/20/2021","Charlevoix","Michigan","26029","1033","13"
"2/20/2021","Cheboygan","Michigan","26031","912","35"
"2/20/2021","Chippewa","Michigan","26033","4806","42"
"2/20/2021","Clare","Michigan","26035","1593","69"
"2/20/2021","Clinton","Michigan","26037","4978","69"
"2/20/2021","Crawford","Michigan","26039","579","5"
"2/20/2021","Delta","Michigan","26041","3110","84"
"2/20/2021","Dickinson","Michigan","26043","2359","69"
"2/20/2021","Eaton","Michigan","26045","6149","151"
"2/20/2021","Emmet","Michigan","26047","1490","38"
"2/20/2021","Genesee","Michigan","26049","25129","750"
"2/20/2021","Gladwin","Michigan","26051","1468","43"
"2/20/2021","Gogebic","Michigan","26053","1248","47"
"2/20/2021","Grand Traverse","Michigan","26055","4173","68"
"2/20/2021","Gratiot","Michigan","26057","5629","105"
"2/20/2021","Hillsdale","Michigan","26059","3296","72"
"2/20/2021","Houghton","Michigan","26061","2604","40"
"2/20/2021","Huron","Michigan","26063","2097","58"
"2/20/2021","Ingham","Michigan","26065","16090","278"
"2/20/2021","Ionia","Michigan","26067","6940","74"
"2/20/2021","Iosco","Michigan","26069","1274","67"
"2/20/2021","Iron","Michigan","26071","926","49"
"2/20/2021","Isabella","Michigan","26073","3983","73"
"2/20/2021","Jackson","Michigan","26075","13962","246"
"2/20/2021","Kalamazoo","Michigan","26077","14739","319"
"2/20/2021","Kalkaska","Michigan","26079","580","15"
"2/20/2021","Kent","Michigan","26081","51155","702"
"2/20/2021","Keweenaw","Michigan","26083","141","2"
"2/20/2021","Lake","Michigan","26085","356","11"
"2/20/2021","Lapeer","Michigan","26087","5433","128"
"2/20/2021","Leelanau","Michigan","26089","851","14"
"2/20/2021","Lenawee","Michigan","26091","7580","126"
"2/20/2021","Livingston","Michigan","26093","10164","139"
"2/20/2021","Luce","Michigan","26095","1072","2"
"2/20/2021","Mackinac","Michigan","26097","433","3"
"2/20/2021","Macomb","Michigan","26099","58439","1954"
"2/20/2021","Manistee","Michigan","26101","1478","23"
"2/20/2021","Marquette","Michigan","26103","4786","56"
"2/20/2021","Mason","Michigan","26105","1227","26"
"2/20/2021","Mecosta","Michigan","26107","1992","19"
"2/20/2021","Menominee","Michigan","26109","1875","37"
"2/20/2021","Midland","Michigan","26111","4905","64"
"2/20/2021","Missaukee","Michigan","26113","740","17"
"2/20/2021","Monroe","Michigan","26115","9614","198"
"2/20/2021","Montcalm","Michigan","26117","5579","92"
"2/20/2021","Montmorency","Michigan","26119","357","17"
"2/20/2021","Muskegon","Michigan","26121","12651","315"
"2/20/2021","Newaygo","Michigan","26123","2788","50"
"2/20/2021","Oakland","Michigan","26125","73744","1977"
"2/20/2021","Oceana","Michigan","26127","1857","50"
"2/20/2021","Ogemaw","Michigan","26129","1111","34"
"2/20/2021","Ontonagon","Michigan","26131","410","20"
"2/20/2021","Osceola","Michigan","26133","1035","23"
"2/20/2021","Oscoda","Michigan","26135","395","19"
"2/20/2021","Otsego","Michigan","26137","1151","25"
"2/20/2021","Ottawa","Michigan","26139","22106","347"
"2/20/2021","Presque Isle","Michigan","26141","649","28"
"2/20/2021","Roscommon","Michigan","26143","1132","32"
"2/20/2021","Saginaw","Michigan","26145","15772","508"
"2/20/2021","Sanilac","Michigan","26151","1995","75"
"2/20/2021","Schoolcraft","Michigan","26153","257","5"
"2/20/2021","Shiawassee","Michigan","26155","3746","78"
"2/20/2021","St. Clair","Michigan","26147","8570","253"
"2/20/2021","St. Joseph","Michigan","26149","4599","84"
"2/20/2021","Tuscola","Michigan","26157","3137","137"
"2/20/2021","Van Buren","Michigan","26159","4930","95"
"2/20/2021","Washtenaw","Michigan","26161","18852","249"
"2/20/2021","Wayne","Michigan","26163","100399","4120"
"2/20/2021","Wexford","Michigan","26165","1422","20"
"2/20/2021","Aitkin","Minnesota","27001","1165","33"
"2/20/2021","Anoka","Minnesota","27003","32859","382"
"2/20/2021","Becker","Minnesota","27005","3046","41"
"2/20/2021","Beltrami","Minnesota","27007","3336","48"
"2/20/2021","Benton","Minnesota","27009","4397","90"
"2/20/2021","Big Stone","Minnesota","27011","506","3"
"2/20/2021","Blue Earth","Minnesota","27013","5811","34"
"2/20/2021","Brown","Minnesota","27015","2382","37"
"2/20/2021","Carlton","Minnesota","27017","2977","43"
"2/20/2021","Carver","Minnesota","27019","7510","40"
"2/20/2021","Cass","Minnesota","27021","2168","24"
"2/20/2021","Chippewa","Minnesota","27023","1355","35"
"2/20/2021","Chisago","Minnesota","27025","4900","44"
"2/20/2021","Clay","Minnesota","27027","6790","84"
"2/20/2021","Clearwater","Minnesota","27029","709","14"
"2/20/2021","Cook","Minnesota","27031","119","0"
"2/20/2021","Cottonwood","Minnesota","27033","1331","20"
"2/20/2021","Crow Wing","Minnesota","27035","5127","80"
"2/20/2021","Dakota","Minnesota","27037","35532","382"
"2/20/2021","Dodge","Minnesota","27039","1505","4"
"2/20/2021","Douglas","Minnesota","27041","3888","68"
"2/20/2021","Faribault","Minnesota","27043","1201","16"
"2/20/2021","Fillmore","Minnesota","27045","1359","8"
"2/20/2021","Freeborn","Minnesota","27047","2749","23"
"2/20/2021","Goodhue","Minnesota","27049","3811","67"
"2/20/2021","Grant","Minnesota","27051","481","8"
"2/20/2021","Hennepin","Minnesota","27053","99189","1576"
"2/20/2021","Houston","Minnesota","27055","1559","14"
"2/20/2021","Hubbard","Minnesota","27057","1593","40"
"2/20/2021","Isanti","Minnesota","27059","3024","51"
"2/20/2021","Itasca","Minnesota","27061","3049","45"
"2/20/2021","Jackson","Minnesota","27063","919","10"
"2/20/2021","Kanabec","Minnesota","27065","1061","19"
"2/20/2021","Kandiyohi","Minnesota","27067","5748","74"
"2/20/2021","Kittson","Minnesota","27069","403","21"
"2/20/2021","Koochiching","Minnesota","27071","616","11"
"2/20/2021","Lac qui Parle","Minnesota","27073","677","16"
"2/20/2021","Lake","Minnesota","27075","718","17"
"2/20/2021","Lake of the Woods","Minnesota","27077","212","1"
"2/20/2021","Le Sueur","Minnesota","27079","2296","20"
"2/20/2021","Lincoln","Minnesota","27081","501","2"
"2/20/2021","Lyon","Minnesota","27083","3111","43"
"2/20/2021","Mahnomen","Minnesota","27087","433","7"
"2/20/2021","Marshall","Minnesota","27089","761","15"
"2/20/2021","Martin","Minnesota","27091","1855","28"
"2/20/2021","McLeod","Minnesota","27085","3354","49"
"2/20/2021","Meeker","Minnesota","27093","2050","34"
"2/20/2021","Mille Lacs","Minnesota","27095","2244","47"
"2/20/2021","Morrison","Minnesota","27097","3205","46"
"2/20/2021","Mower","Minnesota","27099","3979","31"
"2/20/2021","Murray","Minnesota","27101","938","8"
"2/20/2021","Nicollet","Minnesota","27103","2480","41"
"2/20/2021","Nobles","Minnesota","27105","3844","47"
"2/20/2021","Norman","Minnesota","27107","452","8"
"2/20/2021","Olmsted","Minnesota","27109","11633","88"
"2/20/2021","Otter Tail","Minnesota","27111","4769","70"
"2/20/2021","Pennington","Minnesota","27113","1237","16"
"2/20/2021","Pine","Minnesota","27115","2786","16"
"2/20/2021","Pipestone","Minnesota","27117","1006","24"
"2/20/2021","Polk","Minnesota","27119","3400","62"
"2/20/2021","Pope","Minnesota","27121","785","5"
"2/20/2021","Ramsey","Minnesota","27123","42534","794"
"2/20/2021","Red Lake","Minnesota","27125","346","4"
"2/20/2021","Redwood","Minnesota","27127","1457","27"
"2/20/2021","Renville","Minnesota","27129","1467","40"
"2/20/2021","Rice","Minnesota","27131","6629","89"
"2/20/2021","Rock","Minnesota","27133","1151","12"
"2/20/2021","Roseau","Minnesota","27135","1767","17"
"2/20/2021","Scott","Minnesota","27139","13044","104"
"2/20/2021","Sherburne","Minnesota","27141","8625","73"
"2/20/2021","Sibley","Minnesota","27143","1159","9"
"2/20/2021","St. Louis","Minnesota","27137","14600","262"
"2/20/2021","Stearns","Minnesota","27145","18615","200"
"2/20/2021","Steele","Minnesota","27147","2964","11"
"2/20/2021","Stevens","Minnesota","27149","735","8"
"2/20/2021","Swift","Minnesota","27151","871","18"
"2/20/2021","Todd","Minnesota","27153","2419","30"
"2/20/2021","Traverse","Minnesota","27155","300","5"
"2/20/2021","Wabasha","Minnesota","27157","1847","3"
"2/20/2021","Wadena","Minnesota","27159","1276","20"
"2/20/2021","Waseca","Minnesota","27161","2052","17"
"2/20/2021","Washington","Minnesota","27163","21719","253"
"2/20/2021","Watonwan","Minnesota","27165","1139","8"
"2/20/2021","Wilkin","Minnesota","27167","660","10"
"2/20/2021","Winona","Minnesota","27169","4126","48"
"2/20/2021","Wright","Minnesota","27171","12350","114"
"2/20/2021","Yellow Medicine","Minnesota","27173","972","17"
"2/20/2021","Adams","Mississippi","28001","2316","74"
"2/20/2021","Alcorn","Mississippi","28003","2894","60"
"2/20/2021","Amite","Mississippi","28005","1099","32"
"2/20/2021","Attala","Mississippi","28007","2056","69"
"2/20/2021","Benton","Mississippi","28009","923","24"
"2/20/2021","Bolivar","Mississippi","28011","4550","120"
"2/20/2021","Calhoun","Mississippi","28013","1551","27"
"2/20/2021","Carroll","Mississippi","28015","1169","23"
"2/20/2021","Chickasaw","Mississippi","28017","2001","50"
"2/20/2021","Choctaw","Mississippi","28019","693","16"
"2/20/2021","Claiborne","Mississippi","28021","973","29"
"2/20/2021","Clarke","Mississippi","28023","1670","70"
"2/20/2021","Clay","Mississippi","28025","1768","48"
"2/20/2021","Coahoma","Mississippi","28027","2722","65"
"2/20/2021","Copiah","Mississippi","28029","2727","57"
"2/20/2021","Covington","Mississippi","28031","2452","77"
"2/20/2021","DeSoto","Mississippi","28033","19389","226"
"2/20/2021","Forrest","Mississippi","28035","6989","135"
"2/20/2021","Franklin","Mississippi","28037","750","19"
"2/20/2021","George","Mississippi","28039","2293","45"
"2/20/2021","Greene","Mississippi","28041","1259","33"
"2/20/2021","Grenada","Mississippi","28043","2439","75"
"2/20/2021","Hancock","Mississippi","28045","3363","73"
"2/20/2021","Harrison","Mississippi","28047","16315","269"
"2/20/2021","Hinds","Mississippi","28049","18528","382"
"2/20/2021","Holmes","Mississippi","28051","1803","69"
"2/20/2021","Humphreys","Mississippi","28053","909","26"
"2/20/2021","Issaquena","Mississippi","28055","167","6"
"2/20/2021","Itawamba","Mississippi","28057","2879","71"
"2/20/2021","Jackson","Mississippi","28059","12353","216"
"2/20/2021","Jasper","Mississippi","28061","2099","42"
"2/20/2021","Jefferson","Mississippi","28063","607","27"
"2/20/2021","Jefferson Davis","Mississippi","28065","993","31"
"2/20/2021","Jones","Mississippi","28067","7790","142"
"2/20/2021","Kemper","Mississippi","28069","888","22"
"2/20/2021","Lafayette","Mississippi","28071","5679","113"
"2/20/2021","Lamar","Mississippi","28073","5762","79"
"2/20/2021","Lauderdale","Mississippi","28075","6725","224"
"2/20/2021","Lawrence","Mississippi","28077","1180","20"
"2/20/2021","Leake","Mississippi","28079","2505","70"
"2/20/2021","Lee","Mississippi","28081","9618","160"
"2/20/2021","Leflore","Mississippi","28083","3333","117"
"2/20/2021","Lincoln","Mississippi","28085","3416","99"
"2/20/2021","Lowndes","Mississippi","28087","5963","137"
"2/20/2021","Madison","Mississippi","28089","9336","190"
"2/20/2021","Marion","Mississippi","28091","2493","78"
"2/20/2021","Marshall","Mississippi","28093","3953","92"
"2/20/2021","Monroe","Mississippi","28095","3963","125"
"2/20/2021","Montgomery","Mississippi","28097","1201","37"
"2/20/2021","Neshoba","Mississippi","28099","3734","165"
"2/20/2021","Newton","Mississippi","28101","2207","51"
"2/20/2021","Noxubee","Mississippi","28103","1220","29"
"2/20/2021","Oktibbeha","Mississippi","28105","4374","90"
"2/20/2021","Panola","Mississippi","28107","4232","92"
"2/20/2021","Pearl River","Mississippi","28109","4036","127"
"2/20/2021","Perry","Mississippi","28111","1176","33"
"2/20/2021","Pike","Mississippi","28113","2963","91"
"2/20/2021","Pontotoc","Mississippi","28115","4051","66"
"2/20/2021","Prentiss","Mississippi","28117","2670","58"
"2/20/2021","Quitman","Mississippi","28119","766","14"
"2/20/2021","Rankin","Mississippi","28121","12478","258"
"2/20/2021","Scott","Mississippi","28123","2900","66"
"2/20/2021","Sharkey","Mississippi","28125","488","17"
"2/20/2021","Simpson","Mississippi","28127","2647","78"
"2/20/2021","Smith","Mississippi","28129","1498","30"
"2/20/2021","Stone","Mississippi","28131","1702","29"
"2/20/2021","Sunflower","Mississippi","28133","3150","85"
"2/20/2021","Tallahatchie","Mississippi","28135","1687","39"
"2/20/2021","Tate","Mississippi","28137","2977","72"
"2/20/2021","Tippah","Mississippi","28139","2740","64"
"2/20/2021","Tishomingo","Mississippi","28141","2100","65"
"2/20/2021","Tunica","Mississippi","28143","971","23"
"2/20/2021","Union","Mississippi","28145","3901","72"
"2/20/2021","Walthall","Mississippi","28147","1230","40"
"2/20/2021","Warren","Mississippi","28149","4083","113"
"2/20/2021","Washington","Mississippi","28151","5122","128"
"2/20/2021","Wayne","Mississippi","28153","2497","40"
"2/20/2021","Webster","Mississippi","28155","1081","29"
"2/20/2021","Wilkinson","Mississippi","28157","619","26"
"2/20/2021","Winston","Mississippi","28159","2197","74"
"2/20/2021","Yalobusha","Mississippi","28161","1417","36"
"2/20/2021","Yazoo","Mississippi","28163","2824","62"
"2/20/2021","Adair","Missouri","29001","2286","20"
"2/20/2021","Andrew","Missouri","29003","1279","17"
"2/20/2021","Atchison","Missouri","29005","290","6"
"2/20/2021","Audrain","Missouri","29007","2066","57"
"2/20/2021","Barry","Missouri","29009","2175","44"
"2/20/2021","Barton","Missouri","29011","955","12"
"2/20/2021","Bates","Missouri","29013","1069","22"
"2/20/2021","Benton","Missouri","29015","1443","25"
"2/20/2021","Bollinger","Missouri","29017","1051","12"
"2/20/2021","Boone","Missouri","29019","17275","77"
"2/20/2021","Buchanan","Missouri","29021","9976","162"
"2/20/2021","Butler","Missouri","29023","3419","33"
"2/20/2021","Caldwell","Missouri","29025","639","10"
"2/20/2021","Callaway","Missouri","29027","4451","43"
"2/20/2021","Camden","Missouri","29029","3698","80"
"2/20/2021","Cape Girardeau","Missouri","29031","9250","132"
"2/20/2021","Carroll","Missouri","29033","832","22"
"2/20/2021","Carter","Missouri","29035","417","8"
"2/20/2021","Cass","Missouri","29037","7163","84"
"2/20/2021","Cedar","Missouri","29039","666","17"
"2/20/2021","Chariton","Missouri","29041","415","6"
"2/20/2021","Christian","Missouri","29043","8375","75"
"2/20/2021","Clark","Missouri","29045","469","6"
"2/20/2021","Clay","Missouri","29047","9386","143"
"2/20/2021","Clinton","Missouri","29049","1519","64"
"2/20/2021","Cole","Missouri","29051","8549","114"
"2/20/2021","Cooper","Missouri","29053","1684","24"
"2/20/2021","Crawford","Missouri","29055","2034","29"
"2/20/2021","Dade","Missouri","29057","704","30"
"2/20/2021","Dallas","Missouri","29059","818","22"
"2/20/2021","Daviess","Missouri","29061","585","11"
"2/20/2021","DeKalb","Missouri","29063","916","26"
"2/20/2021","Dent","Missouri","29065","816","16"
"2/20/2021","Douglas","Missouri","29067","765","23"
"2/20/2021","Dunklin","Missouri","29069","2403","17"
"2/20/2021","Franklin","Missouri","29071","8348","153"
"2/20/2021","Gasconade","Missouri","29073","872","38"
"2/20/2021","Gentry","Missouri","29075","733","20"
"2/20/2021","Greene","Missouri","29077","27276","416"
"2/20/2021","Grundy","Missouri","29079","827","34"
"2/20/2021","Harrison","Missouri","29081","826","14"
"2/20/2021","Henry","Missouri","29083","1726","36"
"2/20/2021","Hickory","Missouri","29085","466","13"
"2/20/2021","Holt","Missouri","29087","366","10"
"2/20/2021","Howard","Missouri","29089","711","5"
"2/20/2021","Howell","Missouri","29091","2790","42"
"2/20/2021","Iron","Missouri","29093","464","5"
"2/20/2021","Jackson","Missouri","29095","29845","370"
"2/20/2021","Jasper","Missouri","29097","7361","114"
"2/20/2021","Jefferson","Missouri","29099","21405","204"
"2/20/2021","Johnson","Missouri","29101","3840","43"
"2/20/2021","Knox","Missouri","29103","176","2"
"2/20/2021","Laclede","Missouri","29105","2908","64"
"2/20/2021","Lafayette","Missouri","29107","2527","53"
"2/20/2021","Lawrence","Missouri","29109","2741","71"
"2/20/2021","Lewis","Missouri","29111","628","5"
"2/20/2021","Lincoln","Missouri","29113","4264","32"
"2/20/2021","Linn","Missouri","29115","540","11"
"2/20/2021","Livingston","Missouri","29117","1322","36"
"2/20/2021","Macon","Missouri","29121","1200","13"
"2/20/2021","Madison","Missouri","29123","1342","16"
"2/20/2021","Maries","Missouri","29125","533","7"
"2/20/2021","Marion","Missouri","29127","2639","41"
"2/20/2021","McDonald","Missouri","29119","2434","31"
"2/20/2021","Mercer","Missouri","29129","177","2"
